Entity,Code,Year,
Argentina,ARG,1950,3.68
Argentina,ARG,1951,3.71
Argentina,ARG,1952,3.33
Argentina,ARG,1953,3.47
Argentina,ARG,1954,3.57
Argentina,ARG,1955,3.77
Argentina,ARG,1956,3.81
Argentina,ARG,1957,3.95
Argentina,ARG,1958,4.18
Argentina,ARG,1959,3.88
Argentina,ARG,1960,4.12
Argentina,ARG,1961,4.22
Argentina,ARG,1962,4.23
Argentina,ARG,1963,4.05
Argentina,ARG,1964,4.23
Argentina,ARG,1965,4.72
Argentina,ARG,1966,4.76
Argentina,ARG,1967,4.89
Argentina,ARG,1968,4.99
Argentina,ARG,1969,5.42
Argentina,ARG,1970,5.53
Argentina,ARG,1971,5.66
Argentina,ARG,1972,5.72
Argentina,ARG,1973,5.99
Argentina,ARG,1974,6.06
Argentina,ARG,1975,5.96
Argentina,ARG,1976,5.97
Argentina,ARG,1977,6.22
Argentina,ARG,1978,6.09
Argentina,ARG,1979,6.41
Argentina,ARG,1980,6.49
Argentina,ARG,1981,6.56
Argentina,ARG,1982,6.79
Argentina,ARG,1983,7.19
Argentina,ARG,1984,7.53
Argentina,ARG,1985,7.33
Argentina,ARG,1986,8
Argentina,ARG,1987,8.41
Argentina,ARG,1988,8.83
Argentina,ARG,1989,8.5
Argentina,ARG,1990,9.32
Argentina,ARG,1991,10.72
Argentina,ARG,1992,12.53
Argentina,ARG,1993,14.35
Argentina,ARG,1994,16.47
Argentina,ARG,1995,19.06
Argentina,ARG,1996,24.49
Argentina,ARG,1997,23.35
Argentina,ARG,1998,22.6
Argentina,ARG,1999,21.32
Argentina,ARG,2000,21.36
Argentina,ARG,2001,20.8
Argentina,ARG,2002,20.1
Argentina,ARG,2003,19.34
Argentina,ARG,2004,19.59
Argentina,ARG,2005,20.29
Argentina,ARG,2006,20.69
Argentina,ARG,2007,21.75
Argentina,ARG,2008,22.16
Argentina,ARG,2009,23.03
Argentina,ARG,2010,24.93
Argentina,ARG,2011,26.44
Argentina,ARG,2012,26.37
Argentina,ARG,2013,26.77
Argentina,ARG,2014,26.84
Armenia,ARM,2009,9.5
Armenia,ARM,2010,10.13
Armenia,ARM,2011,11.49
Armenia,ARM,2012,11.98
Armenia,ARM,2013,12.25
Armenia,ARM,2014,12.45
Australia,AUS,1950,12.88
Australia,AUS,1951,12.37
Australia,AUS,1952,12.14
Australia,AUS,1953,13.59
Australia,AUS,1954,14.5
Australia,AUS,1955,15.12
Australia,AUS,1956,15.24
Australia,AUS,1957,15.29
Australia,AUS,1958,16.52
Australia,AUS,1959,17.55
Australia,AUS,1960,17.45
Australia,AUS,1961,17.97
Australia,AUS,1962,18.56
Australia,AUS,1963,19.38
Australia,AUS,1964,19.7
Australia,AUS,1965,19.43
Australia,AUS,1966,20.1
Australia,AUS,1967,20.44
Australia,AUS,1968,21.53
Australia,AUS,1969,22.61
Australia,AUS,1970,22.71
Australia,AUS,1971,23.17
Australia,AUS,1972,23.65
Australia,AUS,1973,24.13
Australia,AUS,1974,23.08
Australia,AUS,1975,23.69
Australia,AUS,1976,24.46
Australia,AUS,1977,24.74
Australia,AUS,1978,25.89
Australia,AUS,1979,26.09
Australia,AUS,1980,26.43
Australia,AUS,1981,27.6
Australia,AUS,1982,27.55
Australia,AUS,1983,29.32
Australia,AUS,1984,29.37
Australia,AUS,1985,28.95
Australia,AUS,1986,28.9
Australia,AUS,1987,30.31
Australia,AUS,1988,30.91
Australia,AUS,1989,30.92
Australia,AUS,1990,30.88
Australia,AUS,1991,31.43
Australia,AUS,1992,32.93
Australia,AUS,1993,33.75
Australia,AUS,1994,34.14
Australia,AUS,1995,34.9
Australia,AUS,1996,36.26
Australia,AUS,1997,37.63
Australia,AUS,1998,38.34
Australia,AUS,1999,39.24
Australia,AUS,2000,39.9
Australia,AUS,2001,41.33
Australia,AUS,2002,42
Australia,AUS,2003,42.79
Australia,AUS,2004,43.25
Australia,AUS,2005,45.36
Australia,AUS,2006,45.55
Australia,AUS,2007,45.81
Australia,AUS,2008,47.62
Australia,AUS,2009,46.51
Australia,AUS,2010,49.44
Australia,AUS,2011,50.32
Australia,AUS,2012,48.9
Australia,AUS,2013,48.69
Australia,AUS,2014,48.44
Austria,AUT,1950,5.18
Austria,AUT,1951,5.46
Austria,AUT,1952,5.61
Austria,AUT,1953,5.91
Austria,AUT,1954,6.35
Austria,AUT,1955,6.99
Austria,AUT,1956,7.51
Austria,AUT,1957,7.84
Austria,AUT,1958,8.15
Austria,AUT,1959,8.4
Austria,AUT,1960,8.96
Austria,AUT,1961,9.46
Austria,AUT,1962,9.83
Austria,AUT,1963,10.37
Austria,AUT,1964,10.95
Austria,AUT,1965,11.45
Austria,AUT,1966,12.21
Austria,AUT,1967,12.87
Austria,AUT,1968,13.69
Austria,AUT,1969,14.5
Austria,AUT,1970,15.86
Austria,AUT,1971,16.58
Austria,AUT,1972,17.29
Austria,AUT,1973,18
Austria,AUT,1974,17.64
Austria,AUT,1975,18.5
Austria,AUT,1976,18.94
Austria,AUT,1977,19.47
Austria,AUT,1978,19.95
Austria,AUT,1979,20.3
Austria,AUT,1980,20.36
Austria,AUT,1981,21.19
Austria,AUT,1982,21.37
Austria,AUT,1983,21.88
Austria,AUT,1984,21.83
Austria,AUT,1985,22.3
Austria,AUT,1986,23.4
Austria,AUT,1987,24.48
Austria,AUT,1988,25.98
Austria,AUT,1989,26.9
Austria,AUT,1990,28.16
Austria,AUT,1991,29.16
Austria,AUT,1992,31
Austria,AUT,1993,32.03
Austria,AUT,1994,33.67
Austria,AUT,1995,35.89
Austria,AUT,1996,35.77
Austria,AUT,1997,37.07
Austria,AUT,1998,38.49
Austria,AUT,1999,39.18
Austria,AUT,2000,41.2
Austria,AUT,2001,40.35
Austria,AUT,2002,41.38
Austria,AUT,2003,41.6
Austria,AUT,2004,42.54
Austria,AUT,2005,44.68
Austria,AUT,2006,45.18
Austria,AUT,2007,46.28
Austria,AUT,2008,47.41
Austria,AUT,2009,47.03
Austria,AUT,2010,47.94
Austria,AUT,2011,48.78
Austria,AUT,2012,51.25
Austria,AUT,2013,51.97
Austria,AUT,2014,54.04
Bangladesh,BGD,1970,2.12
Bangladesh,BGD,1971,2.17
Bangladesh,BGD,1972,2.35
Bangladesh,BGD,1973,1.79
Bangladesh,BGD,1974,1.77
Bangladesh,BGD,1975,1.8
Bangladesh,BGD,1976,2.01
Bangladesh,BGD,1977,2.23
Bangladesh,BGD,1978,2.26
Bangladesh,BGD,1979,2.24
Bangladesh,BGD,1980,2.25
Bangladesh,BGD,1981,2.3
Bangladesh,BGD,1982,2.22
Bangladesh,BGD,1983,2.15
Bangladesh,BGD,1984,2.23
Bangladesh,BGD,1985,2.27
Bangladesh,BGD,1986,2.23
Bangladesh,BGD,1987,2.21
Bangladesh,BGD,1988,2.31
Bangladesh,BGD,1989,2.54
Bangladesh,BGD,1990,2.54
Bangladesh,BGD,1991,2.53
Bangladesh,BGD,1992,2.5
Bangladesh,BGD,1993,2.5
Bangladesh,BGD,1994,2.56
Bangladesh,BGD,1995,2.61
Bangladesh,BGD,1996,2.62
Bangladesh,BGD,1997,2.53
Bangladesh,BGD,1998,2.44
Bangladesh,BGD,1999,2.3
Bangladesh,BGD,2000,2.3
Bangladesh,BGD,2001,2.24
Bangladesh,BGD,2002,2.26
Bangladesh,BGD,2003,2.18
Bangladesh,BGD,2004,2.1
Bangladesh,BGD,2005,2.06
Bangladesh,BGD,2006,2.13
Bangladesh,BGD,2007,2.28
Bangladesh,BGD,2008,2.48
Bangladesh,BGD,2009,2.63
Bangladesh,BGD,2010,2.92
Bangladesh,BGD,2011,3.29
Bangladesh,BGD,2012,3.16
Bangladesh,BGD,2013,3.25
Bangladesh,BGD,2014,3.31
Barbados,BRB,1991,26.62
Barbados,BRB,1992,28.65
Barbados,BRB,1993,29.5
Barbados,BRB,1994,28.14
Barbados,BRB,1995,27.87
Barbados,BRB,1996,29.82
Barbados,BRB,1997,30.36
Barbados,BRB,1998,26.95
Barbados,BRB,1999,26.72
Barbados,BRB,2000,25.8
Barbados,BRB,2001,22.98
Barbados,BRB,2002,22.26
Barbados,BRB,2003,21.27
Barbados,BRB,2004,21.65
Barbados,BRB,2005,21.5
Barbados,BRB,2006,20.71
Barbados,BRB,2007,22.03
Barbados,BRB,2008,20.74
Barbados,BRB,2009,20.17
Barbados,BRB,2010,18.94
Barbados,BRB,2011,15.6
Barbados,BRB,2012,14.53
Barbados,BRB,2013,13.3
Barbados,BRB,2014,14.02
Belgium,BEL,1950,8.65
Belgium,BEL,1951,9.02
Belgium,BEL,1952,9.24
Belgium,BEL,1953,9.54
Belgium,BEL,1954,9.99
Belgium,BEL,1955,10.44
Belgium,BEL,1956,10.77
Belgium,BEL,1957,10.93
Belgium,BEL,1958,10.95
Belgium,BEL,1959,11.43
Belgium,BEL,1960,11.82
Belgium,BEL,1961,12.44
Belgium,BEL,1962,12.99
Belgium,BEL,1963,13.48
Belgium,BEL,1964,14.3
Belgium,BEL,1965,14.83
Belgium,BEL,1966,15.28
Belgium,BEL,1967,16.02
Belgium,BEL,1968,16.82
Belgium,BEL,1969,17.67
Belgium,BEL,1970,18.8
Belgium,BEL,1971,19.51
Belgium,BEL,1972,21.07
Belgium,BEL,1973,22.73
Belgium,BEL,1974,23.87
Belgium,BEL,1975,24.11
Belgium,BEL,1976,25.83
Belgium,BEL,1977,26.71
Belgium,BEL,1978,28
Belgium,BEL,1979,28.9
Belgium,BEL,1980,31.28
Belgium,BEL,1981,30.8
Belgium,BEL,1982,30.48
Belgium,BEL,1983,29.84
Belgium,BEL,1984,29.35
Belgium,BEL,1985,27.65
Belgium,BEL,1986,29.85
Belgium,BEL,1987,31.72
Belgium,BEL,1988,33.94
Belgium,BEL,1989,34.82
Belgium,BEL,1990,35.82
Belgium,BEL,1991,37.16
Belgium,BEL,1992,39.2
Belgium,BEL,1993,40.98
Belgium,BEL,1994,42.32
Belgium,BEL,1995,43.18
Belgium,BEL,1996,43.79
Belgium,BEL,1997,44.99
Belgium,BEL,1998,43.99
Belgium,BEL,1999,44.84
Belgium,BEL,2000,46.7
Belgium,BEL,2001,46.45
Belgium,BEL,2002,48.21
Belgium,BEL,2003,49.01
Belgium,BEL,2004,49.36
Belgium,BEL,2005,52.42
Belgium,BEL,2006,49.41
Belgium,BEL,2007,50.28
Belgium,BEL,2008,54.21
Belgium,BEL,2009,53.17
Belgium,BEL,2010,56.09
Belgium,BEL,2011,55.73
Belgium,BEL,2012,57.34
Belgium,BEL,2013,58.13
Belgium,BEL,2014,58.11
Brazil,BRA,1950,2.12
Brazil,BRA,1951,2.12
Brazil,BRA,1952,2.22
Brazil,BRA,1953,2.23
Brazil,BRA,1954,2.35
Brazil,BRA,1955,2.5
Brazil,BRA,1956,2.49
Brazil,BRA,1957,2.57
Brazil,BRA,1958,2.74
Brazil,BRA,1959,2.82
Brazil,BRA,1960,3.03
Brazil,BRA,1961,3.24
Brazil,BRA,1962,3.4
Brazil,BRA,1963,3.36
Brazil,BRA,1964,3.4
Brazil,BRA,1965,3.39
Brazil,BRA,1966,3.55
Brazil,BRA,1967,3.69
Brazil,BRA,1968,3.92
Brazil,BRA,1969,4
Brazil,BRA,1970,4.41
Brazil,BRA,1971,4.72
Brazil,BRA,1972,5.06
Brazil,BRA,1973,5.17
Brazil,BRA,1974,5.54
Brazil,BRA,1975,5.69
Brazil,BRA,1976,6.07
Brazil,BRA,1977,5.71
Brazil,BRA,1978,5.81
Brazil,BRA,1979,6.39
Brazil,BRA,1980,6.49
Brazil,BRA,1981,6.53
Brazil,BRA,1982,6.39
Brazil,BRA,1983,6.28
Brazil,BRA,1984,6.29
Brazil,BRA,1985,6.17
Brazil,BRA,1986,6.94
Brazil,BRA,1987,6.96
Brazil,BRA,1988,6.8
Brazil,BRA,1989,6.89
Brazil,BRA,1990,6.64
Brazil,BRA,1991,7.08
Brazil,BRA,1992,7.33
Brazil,BRA,1993,7.85
Brazil,BRA,1994,8.78
Brazil,BRA,1995,10.16
Brazil,BRA,1996,12.51
Brazil,BRA,1997,11.94
Brazil,BRA,1998,11.55
Brazil,BRA,1999,10.52
Brazil,BRA,2000,10.49
Brazil,BRA,2001,10.46
Brazil,BRA,2002,10.39
Brazil,BRA,2003,10.08
Brazil,BRA,2004,10.16
Brazil,BRA,2005,10.2
Brazil,BRA,2006,10.82
Brazil,BRA,2007,11.83
Brazil,BRA,2008,12.87
Brazil,BRA,2009,13.73
Brazil,BRA,2010,15.32
Brazil,BRA,2011,16.62
Brazil,BRA,2012,16.46
Brazil,BRA,2013,16.88
Brazil,BRA,2014,16.84
Bulgaria,BGR,1990,13.85
Bulgaria,BGR,1991,16.48
Bulgaria,BGR,1992,18.61
Bulgaria,BGR,1993,13.83
Bulgaria,BGR,1994,13.42
Bulgaria,BGR,1995,13.37
Bulgaria,BGR,1996,11.15
Bulgaria,BGR,1997,10.27
Bulgaria,BGR,1998,11.34
Bulgaria,BGR,1999,11.94
Bulgaria,BGR,2000,13.37
Bulgaria,BGR,2001,13.96
Bulgaria,BGR,2002,14.51
Bulgaria,BGR,2003,14.32
Bulgaria,BGR,2004,14.34
Bulgaria,BGR,2005,14.73
Bulgaria,BGR,2006,15.38
Bulgaria,BGR,2007,16.56
Bulgaria,BGR,2008,16.94
Bulgaria,BGR,2009,17.3
Bulgaria,BGR,2010,17.98
Bulgaria,BGR,2011,18.51
Bulgaria,BGR,2012,19.77
Bulgaria,BGR,2013,20.03
Bulgaria,BGR,2014,20.78
Cambodia,KHM,1993,1.15
Cambodia,KHM,1994,1.23
Cambodia,KHM,1995,1.34
Cambodia,KHM,1996,1.19
Cambodia,KHM,1997,1.22
Cambodia,KHM,1998,1.06
Cambodia,KHM,1999,1.11
Cambodia,KHM,2000,1.09
Cambodia,KHM,2001,1.2
Cambodia,KHM,2002,1.13
Cambodia,KHM,2003,1.13
Cambodia,KHM,2004,1.17
Cambodia,KHM,2005,1.29
Cambodia,KHM,2006,1.31
Cambodia,KHM,2007,1.43
Cambodia,KHM,2008,1.6
Cambodia,KHM,2009,1.55
Cambodia,KHM,2010,1.59
Cambodia,KHM,2011,1.6
Cambodia,KHM,2012,1.8
Cambodia,KHM,2013,2.02
Cambodia,KHM,2014,2.05
Canada,CAN,1950,14.32
Canada,CAN,1951,14.49
Canada,CAN,1952,15.41
Canada,CAN,1953,15.79
Canada,CAN,1954,15.37
Canada,CAN,1955,16.38
Canada,CAN,1956,17.36
Canada,CAN,1957,17.34
Canada,CAN,1958,17.8
Canada,CAN,1959,17.99
Canada,CAN,1960,18.33
Canada,CAN,1961,18.78
Canada,CAN,1962,19.45
Canada,CAN,1963,20.18
Canada,CAN,1964,20.95
Canada,CAN,1965,21.66
Canada,CAN,1966,22.37
Canada,CAN,1967,22.4
Canada,CAN,1968,23.55
Canada,CAN,1969,24.22
Canada,CAN,1970,24.84
Canada,CAN,1971,25.72
Canada,CAN,1972,26.52
Canada,CAN,1973,27.19
Canada,CAN,1974,27.04
Canada,CAN,1975,27.26
Canada,CAN,1976,28.89
Canada,CAN,1977,29.72
Canada,CAN,1978,30.05
Canada,CAN,1979,29.85
Canada,CAN,1980,29.8
Canada,CAN,1981,30.23
Canada,CAN,1982,30.96
Canada,CAN,1983,31.95
Canada,CAN,1984,33.1
Canada,CAN,1985,32.61
Canada,CAN,1986,32.17
Canada,CAN,1987,33.27
Canada,CAN,1988,33.86
Canada,CAN,1989,34.56
Canada,CAN,1990,34.8
Canada,CAN,1991,34.88
Canada,CAN,1992,35.74
Canada,CAN,1993,36.46
Canada,CAN,1994,37.44
Canada,CAN,1995,38.96
Canada,CAN,1996,39.08
Canada,CAN,1997,39.79
Canada,CAN,1998,39.41
Canada,CAN,1999,40.76
Canada,CAN,2000,42.62
Canada,CAN,2001,42.04
Canada,CAN,2002,41.72
Canada,CAN,2003,43.14
Canada,CAN,2004,43.67
Canada,CAN,2005,46.28
Canada,CAN,2006,46.12
Canada,CAN,2007,46.49
Canada,CAN,2008,48.14
Canada,CAN,2009,44.59
Canada,CAN,2010,46.39
Canada,CAN,2011,47.84
Canada,CAN,2012,47.36
Canada,CAN,2013,47.55
Canada,CAN,2014,48.57
Chile,CHL,1951,5.05
Chile,CHL,1952,5.46
Chile,CHL,1953,5.58
Chile,CHL,1954,5.95
Chile,CHL,1955,5.81
Chile,CHL,1956,5.7
Chile,CHL,1957,6.27
Chile,CHL,1958,6.5
Chile,CHL,1959,6.42
Chile,CHL,1960,6.82
Chile,CHL,1961,6.52
Chile,CHL,1962,8.04
Chile,CHL,1963,8.26
Chile,CHL,1964,8.45
Chile,CHL,1965,8.05
Chile,CHL,1966,8.91
Chile,CHL,1967,9.29
Chile,CHL,1968,9.4
Chile,CHL,1969,9.94
Chile,CHL,1970,9.96
Chile,CHL,1971,10.86
Chile,CHL,1972,10.45
Chile,CHL,1973,10.08
Chile,CHL,1974,9.95
Chile,CHL,1975,8.75
Chile,CHL,1976,9.01
Chile,CHL,1977,9.43
Chile,CHL,1978,10.1
Chile,CHL,1979,10.76
Chile,CHL,1980,10.84
Chile,CHL,1981,11.19
Chile,CHL,1982,10.43
Chile,CHL,1983,9.46
Chile,CHL,1984,9.39
Chile,CHL,1985,8.83
Chile,CHL,1986,8.79
Chile,CHL,1987,9.1
Chile,CHL,1988,9.4
Chile,CHL,1989,9.75
Chile,CHL,1990,9.76
Chile,CHL,1991,10.35
Chile,CHL,1992,11.05
Chile,CHL,1993,11.12
Chile,CHL,1994,12.01
Chile,CHL,1995,13.56
Chile,CHL,1996,13.79
Chile,CHL,1997,14.12
Chile,CHL,1998,13.41
Chile,CHL,1999,13.07
Chile,CHL,2000,13.41
Chile,CHL,2001,13.3
Chile,CHL,2002,13.1
Chile,CHL,2003,13.42
Chile,CHL,2004,14.59
Chile,CHL,2005,16.27
Chile,CHL,2006,18.53
Chile,CHL,2007,19.83
Chile,CHL,2008,19.11
Chile,CHL,2009,19.73
Chile,CHL,2010,21.31
Chile,CHL,2011,22.62
Chile,CHL,2012,23.83
Chile,CHL,2013,23.91
Chile,CHL,2014,24.42
"China, Hong Kong SAR",,1960,4.77
"China, Hong Kong SAR",,1961,4.92
"China, Hong Kong SAR",,1962,5.37
"China, Hong Kong SAR",,1963,5.96
"China, Hong Kong SAR",,1964,6.43
"China, Hong Kong SAR",,1965,7.14
"China, Hong Kong SAR",,1966,7.38
"China, Hong Kong SAR",,1967,7.33
"China, Hong Kong SAR",,1968,7.5
"China, Hong Kong SAR",,1969,8.06
"China, Hong Kong SAR",,1970,8.48
"China, Hong Kong SAR",,1971,8.86
"China, Hong Kong SAR",,1972,9.37
"China, Hong Kong SAR",,1973,10.11
"China, Hong Kong SAR",,1974,9.89
"China, Hong Kong SAR",,1975,9.74
"China, Hong Kong SAR",,1976,10.87
"China, Hong Kong SAR",,1977,12.02
"China, Hong Kong SAR",,1978,12.5
"China, Hong Kong SAR",,1979,13.41
"China, Hong Kong SAR",,1980,13.83
"China, Hong Kong SAR",,1981,13.82
"China, Hong Kong SAR",,1982,14.28
"China, Hong Kong SAR",,1983,14.98
"China, Hong Kong SAR",,1984,15.81
"China, Hong Kong SAR",,1985,15.3
"China, Hong Kong SAR",,1986,16.72
"China, Hong Kong SAR",,1987,19.27
"China, Hong Kong SAR",,1988,19.25
"China, Hong Kong SAR",,1989,21.08
"China, Hong Kong SAR",,1990,23.52
"China, Hong Kong SAR",,1991,24.22
"China, Hong Kong SAR",,1992,27.15
"China, Hong Kong SAR",,1993,27.98
"China, Hong Kong SAR",,1994,28.81
"China, Hong Kong SAR",,1995,30.72
"China, Hong Kong SAR",,1996,30.19
"China, Hong Kong SAR",,1997,30.53
"China, Hong Kong SAR",,1998,28.96
"China, Hong Kong SAR",,1999,28.36
"China, Hong Kong SAR",,2000,30.49
"China, Hong Kong SAR",,2001,32.54
"China, Hong Kong SAR",,2002,34.84
"China, Hong Kong SAR",,2003,37.03
"China, Hong Kong SAR",,2004,41.93
"China, Hong Kong SAR",,2005,44.03
"China, Hong Kong SAR",,2006,40.03
"China, Hong Kong SAR",,2007,41.63
"China, Hong Kong SAR",,2008,40.21
"China, Hong Kong SAR",,2009,35.83
"China, Hong Kong SAR",,2010,36.39
"China, Hong Kong SAR",,2011,40.23
"China, Hong Kong SAR",,2012,39.89
"China, Hong Kong SAR",,2013,46.79
"China, Hong Kong SAR",,2014,39.17
Colombia,COL,1950,4.23
Colombia,COL,1951,4.23
Colombia,COL,1952,4.45
Colombia,COL,1953,4.77
Colombia,COL,1954,5.15
Colombia,COL,1955,5.27
Colombia,COL,1956,5.3
Colombia,COL,1957,5.2
Colombia,COL,1958,5.1
Colombia,COL,1959,5.32
Colombia,COL,1960,5.54
Colombia,COL,1961,5.76
Colombia,COL,1962,5.89
Colombia,COL,1963,5.92
Colombia,COL,1964,6.27
Colombia,COL,1965,6.13
Colombia,COL,1966,6.27
Colombia,COL,1967,6.3
Colombia,COL,1968,6.51
Colombia,COL,1969,6.72
Colombia,COL,1970,7.02
Colombia,COL,1971,7.56
Colombia,COL,1972,8.08
Colombia,COL,1973,8.71
Colombia,COL,1974,9.16
Colombia,COL,1975,9.21
Colombia,COL,1976,9.55
Colombia,COL,1977,9.58
Colombia,COL,1978,10.02
Colombia,COL,1979,10.1
Colombia,COL,1980,10.4
Colombia,COL,1981,10.04
Colombia,COL,1982,9.95
Colombia,COL,1983,9.93
Colombia,COL,1984,10.09
Colombia,COL,1985,9.87
Colombia,COL,1986,10.18
Colombia,COL,1987,9.82
Colombia,COL,1988,9.83
Colombia,COL,1989,9.63
Colombia,COL,1990,9.75
Colombia,COL,1991,9.2
Colombia,COL,1992,9.53
Colombia,COL,1993,9.55
Colombia,COL,1994,9.66
Colombia,COL,1995,9.67
Colombia,COL,1996,9.63
Colombia,COL,1997,9.65
Colombia,COL,1998,9.43
Colombia,COL,1999,9.07
Colombia,COL,2000,8.99
Colombia,COL,2001,8.92
Colombia,COL,2002,8.83
Colombia,COL,2003,8.86
Colombia,COL,2004,8.97
Colombia,COL,2005,9.22
Colombia,COL,2006,9.82
Colombia,COL,2007,10.45
Colombia,COL,2008,11.22
Colombia,COL,2009,11.42
Colombia,COL,2010,12.21
Colombia,COL,2011,13.17
Colombia,COL,2012,13.54
Colombia,COL,2013,13.89
Colombia,COL,2014,14.12
Costa Rica,CRI,1987,9.21
Costa Rica,CRI,1988,9.22
Costa Rica,CRI,1989,9.3
Costa Rica,CRI,1990,9.38
Costa Rica,CRI,1991,9.21
Costa Rica,CRI,1992,9.51
Costa Rica,CRI,1993,9.76
Costa Rica,CRI,1994,9.96
Costa Rica,CRI,1995,10.02
Costa Rica,CRI,1996,9.58
Costa Rica,CRI,1997,9.65
Costa Rica,CRI,1998,10.28
Costa Rica,CRI,1999,10.68
Costa Rica,CRI,2000,10.17
Costa Rica,CRI,2001,9.79
Costa Rica,CRI,2002,9.64
Costa Rica,CRI,2003,9.72
Costa Rica,CRI,2004,10.12
Costa Rica,CRI,2005,10.65
Costa Rica,CRI,2006,10.67
Costa Rica,CRI,2007,10.49
Costa Rica,CRI,2008,10.63
Costa Rica,CRI,2009,11.32
Costa Rica,CRI,2010,11.46
Costa Rica,CRI,2011,11.7
Costa Rica,CRI,2012,11.44
Costa Rica,CRI,2013,11.8
Costa Rica,CRI,2014,12.37
Cyprus,CYP,1950,5.31
Cyprus,CYP,1951,5.57
Cyprus,CYP,1952,6.12
Cyprus,CYP,1953,6.86
Cyprus,CYP,1954,7.73
Cyprus,CYP,1955,7.93
Cyprus,CYP,1956,8.74
Cyprus,CYP,1957,8.8
Cyprus,CYP,1958,7.6
Cyprus,CYP,1959,8
Cyprus,CYP,1960,7.48
Cyprus,CYP,1961,8.41
Cyprus,CYP,1962,9.87
Cyprus,CYP,1963,9.92
Cyprus,CYP,1964,8.4
Cyprus,CYP,1965,10.8
Cyprus,CYP,1966,11.2
Cyprus,CYP,1967,12.37
Cyprus,CYP,1968,12.71
Cyprus,CYP,1969,14.45
Cyprus,CYP,1970,15.12
Cyprus,CYP,1971,16.26
Cyprus,CYP,1972,16.76
Cyprus,CYP,1973,16.27
Cyprus,CYP,1974,15.09
Cyprus,CYP,1975,11.62
Cyprus,CYP,1976,14.3
Cyprus,CYP,1977,17.89
Cyprus,CYP,1978,19.59
Cyprus,CYP,1979,21.55
Cyprus,CYP,1980,22.1
Cyprus,CYP,1981,21.52
Cyprus,CYP,1982,22.79
Cyprus,CYP,1983,23.37
Cyprus,CYP,1984,25.23
Cyprus,CYP,1985,23.87
Cyprus,CYP,1986,23.77
Cyprus,CYP,1987,24.98
Cyprus,CYP,1988,25.3
Cyprus,CYP,1989,27.11
Cyprus,CYP,1990,27.18
Cyprus,CYP,1991,26.5
Cyprus,CYP,1992,27.24
Cyprus,CYP,1993,27.12
Cyprus,CYP,1994,28.23
Cyprus,CYP,1995,28.67
Cyprus,CYP,1996,28.23
Cyprus,CYP,1997,29.23
Cyprus,CYP,1998,28.53
Cyprus,CYP,1999,30.56
Cyprus,CYP,2000,34.69
Cyprus,CYP,2001,35.08
Cyprus,CYP,2002,34.4
Cyprus,CYP,2003,30.75
Cyprus,CYP,2004,31.32
Cyprus,CYP,2005,34.35
Cyprus,CYP,2006,35.03
Cyprus,CYP,2007,35.03
Cyprus,CYP,2008,38.82
Cyprus,CYP,2009,40.07
Cyprus,CYP,2010,40.56
Cyprus,CYP,2011,38.55
Cyprus,CYP,2012,41.17
Cyprus,CYP,2013,41.48
Cyprus,CYP,2014,41.59
Czech Republic,CZE,1990,20.94
Czech Republic,CZE,1991,18.38
Czech Republic,CZE,1992,19.23
Czech Republic,CZE,1993,19.62
Czech Republic,CZE,1994,20.68
Czech Republic,CZE,1995,21.27
Czech Republic,CZE,1996,22.21
Czech Republic,CZE,1997,21.62
Czech Republic,CZE,1998,21.09
Czech Republic,CZE,1999,21.29
Czech Republic,CZE,2000,22.21
Czech Republic,CZE,2001,24.38
Czech Republic,CZE,2002,24.18
Czech Republic,CZE,2003,25.31
Czech Republic,CZE,2004,25.96
Czech Republic,CZE,2005,26.94
Czech Republic,CZE,2006,27.46
Czech Republic,CZE,2007,29.71
Czech Republic,CZE,2008,29.24
Czech Republic,CZE,2009,29.12
Czech Republic,CZE,2010,29.26
Czech Republic,CZE,2011,31.03
Czech Republic,CZE,2012,31.86
Czech Republic,CZE,2013,32.92
Czech Republic,CZE,2014,34.29
Denmark,DNK,1950,9.8
Denmark,DNK,1951,9.63
Denmark,DNK,1952,9.88
Denmark,DNK,1953,10.59
Denmark,DNK,1954,11.04
Denmark,DNK,1955,11.02
Denmark,DNK,1956,11.34
Denmark,DNK,1957,11.92
Denmark,DNK,1958,12.13
Denmark,DNK,1959,12.92
Denmark,DNK,1960,13.48
Denmark,DNK,1961,14.05
Denmark,DNK,1962,14.45
Denmark,DNK,1963,14.35
Denmark,DNK,1964,15.21
Denmark,DNK,1965,15.51
Denmark,DNK,1966,15.56
Denmark,DNK,1967,16.65
Denmark,DNK,1968,17.88
Denmark,DNK,1969,19.13
Denmark,DNK,1970,19.43
Denmark,DNK,1971,20.37
Denmark,DNK,1972,21.48
Denmark,DNK,1973,22.72
Denmark,DNK,1974,22.75
Denmark,DNK,1975,23.68
Denmark,DNK,1976,24.68
Denmark,DNK,1977,25.66
Denmark,DNK,1978,26.53
Denmark,DNK,1979,27.53
Denmark,DNK,1980,27.14
Denmark,DNK,1981,27.03
Denmark,DNK,1982,27.24
Denmark,DNK,1983,27.57
Denmark,DNK,1984,27.77
Denmark,DNK,1985,27.8
Denmark,DNK,1986,29.43
Denmark,DNK,1987,30.98
Denmark,DNK,1988,31.83
Denmark,DNK,1989,32.63
Denmark,DNK,1990,34.22
Denmark,DNK,1991,34.76
Denmark,DNK,1992,36.33
Denmark,DNK,1993,36.76
Denmark,DNK,1994,39.27
Denmark,DNK,1995,40.34
Denmark,DNK,1996,41.69
Denmark,DNK,1997,42.69
Denmark,DNK,1998,43.01
Denmark,DNK,1999,43.86
Denmark,DNK,2000,45.96
Denmark,DNK,2001,45.4
Denmark,DNK,2002,46.01
Denmark,DNK,2003,46.24
Denmark,DNK,2004,48.56
Denmark,DNK,2005,50.48
Denmark,DNK,2006,50.84
Denmark,DNK,2007,51.99
Denmark,DNK,2008,54.68
Denmark,DNK,2009,54.16
Denmark,DNK,2010,58.86
Denmark,DNK,2011,60.09
Denmark,DNK,2012,61.41
Denmark,DNK,2013,62.07
Denmark,DNK,2014,62.14
Ecuador,ECU,1995,7.25
Ecuador,ECU,1996,7.49
Ecuador,ECU,1997,7.55
Ecuador,ECU,1998,7.6
Ecuador,ECU,1999,7.37
Ecuador,ECU,2000,7.67
Ecuador,ECU,2001,7.65
Ecuador,ECU,2002,7.99
Ecuador,ECU,2003,8.42
Ecuador,ECU,2004,8.64
Ecuador,ECU,2005,8.42
Ecuador,ECU,2006,8.92
Ecuador,ECU,2007,9.48
Ecuador,ECU,2008,10.62
Ecuador,ECU,2009,10.38
Ecuador,ECU,2010,11.53
Ecuador,ECU,2011,12.53
Ecuador,ECU,2012,13.07
Ecuador,ECU,2013,13.78
Ecuador,ECU,2014,13.8
Estonia,EST,1990,11.63
Estonia,EST,1991,12.41
Estonia,EST,1992,10.03
Estonia,EST,1993,10.28
Estonia,EST,1994,10.17
Estonia,EST,1995,11.83
Estonia,EST,1996,11.1
Estonia,EST,1997,11.45
Estonia,EST,1998,12.06
Estonia,EST,1999,13.42
Estonia,EST,2000,13.97
Estonia,EST,2001,14.63
Estonia,EST,2002,15.47
Estonia,EST,2003,15.77
Estonia,EST,2004,16.53
Estonia,EST,2005,18.36
Estonia,EST,2006,18.78
Estonia,EST,2007,20.89
Estonia,EST,2008,21.66
Estonia,EST,2009,23.16
Estonia,EST,2010,24.63
Estonia,EST,2011,25.18
Estonia,EST,2012,27.53
Estonia,EST,2013,28.41
Estonia,EST,2014,29.09
Finland,FIN,1950,5.68
Finland,FIN,1951,6.34
Finland,FIN,1952,6.42
Finland,FIN,1953,6.3
Finland,FIN,1954,6.93
Finland,FIN,1955,7.43
Finland,FIN,1956,7.5
Finland,FIN,1957,7.44
Finland,FIN,1958,7.33
Finland,FIN,1959,8.17
Finland,FIN,1960,8.75
Finland,FIN,1961,9.45
Finland,FIN,1962,9.71
Finland,FIN,1963,9.78
Finland,FIN,1964,9.98
Finland,FIN,1965,10.48
Finland,FIN,1966,10.91
Finland,FIN,1967,11.54
Finland,FIN,1968,12.42
Finland,FIN,1969,13.6
Finland,FIN,1970,14.46
Finland,FIN,1971,15.07
Finland,FIN,1972,16.09
Finland,FIN,1973,17.04
Finland,FIN,1974,17.67
Finland,FIN,1975,17.32
Finland,FIN,1976,17.49
Finland,FIN,1977,18.03
Finland,FIN,1978,18.91
Finland,FIN,1979,20.2
Finland,FIN,1980,21.04
Finland,FIN,1981,21
Finland,FIN,1982,21.14
Finland,FIN,1983,21.57
Finland,FIN,1984,22.09
Finland,FIN,1985,22.22
Finland,FIN,1986,23.98
Finland,FIN,1987,24.94
Finland,FIN,1988,26.49
Finland,FIN,1989,27.39
Finland,FIN,1990,28.15
Finland,FIN,1991,27.74
Finland,FIN,1992,28.72
Finland,FIN,1993,30.45
Finland,FIN,1994,32.6
Finland,FIN,1995,35.96
Finland,FIN,1996,35.4
Finland,FIN,1997,37.43
Finland,FIN,1998,39.82
Finland,FIN,1999,40.48
Finland,FIN,2000,41.89
Finland,FIN,2001,42.29
Finland,FIN,2002,42.16
Finland,FIN,2003,42.51
Finland,FIN,2004,44.31
Finland,FIN,2005,45.63
Finland,FIN,2006,45.46
Finland,FIN,2007,48.19
Finland,FIN,2008,49.06
Finland,FIN,2009,46.89
Finland,FIN,2010,47.78
Finland,FIN,2011,48.33
Finland,FIN,2012,48.98
Finland,FIN,2013,48.4
Finland,FIN,2014,49.23
France,FRA,1950,6.51
France,FRA,1951,6.76
France,FRA,1952,6.97
France,FRA,1953,7.34
France,FRA,1954,7.7
France,FRA,1955,8.12
France,FRA,1956,8.63
France,FRA,1957,9.16
France,FRA,1958,9.52
France,FRA,1959,9.83
France,FRA,1960,10.58
France,FRA,1961,11.22
France,FRA,1962,11.91
France,FRA,1963,12.67
France,FRA,1964,13.32
France,FRA,1965,13.98
France,FRA,1966,14.68
France,FRA,1967,15.61
France,FRA,1968,16.5
France,FRA,1969,18.05
France,FRA,1970,19.07
France,FRA,1971,20.16
France,FRA,1972,21.68
France,FRA,1973,23.1
France,FRA,1974,24.35
France,FRA,1975,24.72
France,FRA,1976,25.33
France,FRA,1977,26.7
France,FRA,1978,28.28
France,FRA,1979,29.38
France,FRA,1980,30.05
France,FRA,1981,29.85
France,FRA,1982,31.01
France,FRA,1983,30.89
France,FRA,1984,30.86
France,FRA,1985,31.04
France,FRA,1986,32.71
France,FRA,1987,33.15
France,FRA,1988,34.32
France,FRA,1989,35.52
France,FRA,1990,36.5
France,FRA,1991,36.87
France,FRA,1992,37.86
France,FRA,1993,38.63
France,FRA,1994,39.55
France,FRA,1995,40.85
France,FRA,1996,41.45
France,FRA,1997,43.68
France,FRA,1998,45.61
France,FRA,1999,46.54
France,FRA,2000,49.36
France,FRA,2001,50.59
France,FRA,2002,52.36
France,FRA,2003,50.31
France,FRA,2004,50.52
France,FRA,2005,52.79
France,FRA,2006,53.97
France,FRA,2007,55.8
France,FRA,2008,56.05
France,FRA,2009,56.16
France,FRA,2010,57.55
France,FRA,2011,58.99
France,FRA,2012,59.77
France,FRA,2013,62.78
France,FRA,2014,63.51
Germany,DEU,1950,4.27
Germany,DEU,1951,4.69
Germany,DEU,1952,5.08
Germany,DEU,1953,5.43
Germany,DEU,1954,5.79
Germany,DEU,1955,6.47
Germany,DEU,1956,6.9
Germany,DEU,1957,7.24
Germany,DEU,1958,7.5
Germany,DEU,1959,8.14
Germany,DEU,1960,8.92
Germany,DEU,1961,9.3
Germany,DEU,1962,9.78
Germany,DEU,1963,10.13
Germany,DEU,1964,10.82
Germany,DEU,1965,11.41
Germany,DEU,1966,11.9
Germany,DEU,1967,12.25
Germany,DEU,1968,13.01
Germany,DEU,1969,14
Germany,DEU,1970,14.72
Germany,DEU,1971,15.44
Germany,DEU,1972,16.4
Germany,DEU,1973,17.47
Germany,DEU,1974,18.21
Germany,DEU,1975,18.89
Germany,DEU,1976,19.75
Germany,DEU,1977,20.63
Germany,DEU,1978,21.4
Germany,DEU,1979,22.27
Germany,DEU,1980,22.64
Germany,DEU,1981,22.49
Germany,DEU,1982,22.3
Germany,DEU,1983,22.64
Germany,DEU,1984,22.88
Germany,DEU,1985,23.01
Germany,DEU,1986,24.84
Germany,DEU,1987,26.09
Germany,DEU,1988,27.41
Germany,DEU,1989,28.83
Germany,DEU,1990,31.7
Germany,DEU,1991,34.87
Germany,DEU,1992,36.37
Germany,DEU,1993,37.81
Germany,DEU,1994,39.33
Germany,DEU,1995,40.99
Germany,DEU,1996,42.03
Germany,DEU,1997,43.62
Germany,DEU,1998,44.56
Germany,DEU,1999,45.82
Germany,DEU,2000,46.81
Germany,DEU,2001,48.17
Germany,DEU,2002,48.95
Germany,DEU,2003,50.79
Germany,DEU,2004,52.14
Germany,DEU,2005,55.1
Germany,DEU,2006,55.42
Germany,DEU,2007,57.99
Germany,DEU,2008,59.07
Germany,DEU,2009,56.84
Germany,DEU,2010,58.62
Germany,DEU,2011,60.76
Germany,DEU,2012,60.94
Germany,DEU,2013,62.9
Germany,DEU,2014,64.43
Greece,GRC,1951,3.78
Greece,GRC,1952,3.55
Greece,GRC,1953,3.89
Greece,GRC,1954,3.81
Greece,GRC,1955,3.92
Greece,GRC,1956,4.12
Greece,GRC,1957,4.43
Greece,GRC,1958,4.64
Greece,GRC,1959,4.83
Greece,GRC,1960,4.93
Greece,GRC,1961,5.63
Greece,GRC,1962,5.61
Greece,GRC,1963,6.46
Greece,GRC,1964,7.06
Greece,GRC,1965,7.92
Greece,GRC,1966,8.65
Greece,GRC,1967,9.24
Greece,GRC,1968,10.02
Greece,GRC,1969,11.25
Greece,GRC,1970,12.56
Greece,GRC,1971,13.5
Greece,GRC,1972,14.81
Greece,GRC,1973,15.74
Greece,GRC,1974,14.68
Greece,GRC,1975,15.52
Greece,GRC,1976,16.35
Greece,GRC,1977,16.54
Greece,GRC,1978,17.61
Greece,GRC,1979,17.75
Greece,GRC,1980,17.8
Greece,GRC,1981,16.95
Greece,GRC,1982,16.59
Greece,GRC,1983,16.33
Greece,GRC,1984,16.78
Greece,GRC,1985,17
Greece,GRC,1986,17.65
Greece,GRC,1987,17.51
Greece,GRC,1988,18.42
Greece,GRC,1989,19.31
Greece,GRC,1990,19.35
Greece,GRC,1991,21.08
Greece,GRC,1992,21.37
Greece,GRC,1993,21.58
Greece,GRC,1994,22.31
Greece,GRC,1995,22.83
Greece,GRC,1996,23.48
Greece,GRC,1997,25.54
Greece,GRC,1998,25.36
Greece,GRC,1999,25.99
Greece,GRC,2000,27.21
Greece,GRC,2001,28.58
Greece,GRC,2002,29.67
Greece,GRC,2003,28.85
Greece,GRC,2004,29.38
Greece,GRC,2005,27.84
Greece,GRC,2006,29.39
Greece,GRC,2007,29.78
Greece,GRC,2008,30.69
Greece,GRC,2009,30.55
Greece,GRC,2010,30.6
Greece,GRC,2011,28.11
Greece,GRC,2012,31.07
Greece,GRC,2013,33.49
Greece,GRC,2014,33.35
Hungary,HUN,1980,9.56
Hungary,HUN,1981,9.33
Hungary,HUN,1982,9.91
Hungary,HUN,1983,9.99
Hungary,HUN,1984,10.53
Hungary,HUN,1985,10.72
Hungary,HUN,1986,11.37
Hungary,HUN,1987,11.96
Hungary,HUN,1988,12.02
Hungary,HUN,1989,12.58
Hungary,HUN,1990,13.03
Hungary,HUN,1991,12.79
Hungary,HUN,1992,14.35
Hungary,HUN,1993,16.29
Hungary,HUN,1994,16.32
Hungary,HUN,1995,16.95
Hungary,HUN,1996,16.78
Hungary,HUN,1997,16.75
Hungary,HUN,1998,16.89
Hungary,HUN,1999,16.79
Hungary,HUN,2000,17.67
Hungary,HUN,2001,19.46
Hungary,HUN,2002,20.41
Hungary,HUN,2003,20.76
Hungary,HUN,2004,20.68
Hungary,HUN,2005,22.12
Hungary,HUN,2006,21.91
Hungary,HUN,2007,22.28
Hungary,HUN,2008,24.29
Hungary,HUN,2009,24.59
Hungary,HUN,2010,25.61
Hungary,HUN,2011,26.35
Hungary,HUN,2012,27.61
Hungary,HUN,2013,28.46
Hungary,HUN,2014,29.09
Iceland,ISL,1950,6.53
Iceland,ISL,1951,6.43
Iceland,ISL,1952,6.38
Iceland,ISL,1953,7.36
Iceland,ISL,1954,8.13
Iceland,ISL,1955,9.26
Iceland,ISL,1956,9.24
Iceland,ISL,1957,9.35
Iceland,ISL,1958,10.27
Iceland,ISL,1959,10.59
Iceland,ISL,1960,10.89
Iceland,ISL,1961,11.27
Iceland,ISL,1962,11.57
Iceland,ISL,1963,12.8
Iceland,ISL,1964,13.36
Iceland,ISL,1965,14.13
Iceland,ISL,1966,14.82
Iceland,ISL,1967,14.67
Iceland,ISL,1968,13.72
Iceland,ISL,1969,14.47
Iceland,ISL,1970,15.07
Iceland,ISL,1971,17.56
Iceland,ISL,1972,17.17
Iceland,ISL,1973,18.9
Iceland,ISL,1974,19.94
Iceland,ISL,1975,20
Iceland,ISL,1976,19.59
Iceland,ISL,1977,22.51
Iceland,ISL,1978,23.34
Iceland,ISL,1979,24.43
Iceland,ISL,1980,25.32
Iceland,ISL,1981,25.42
Iceland,ISL,1982,25.64
Iceland,ISL,1983,23.03
Iceland,ISL,1984,24.97
Iceland,ISL,1985,23.78
Iceland,ISL,1986,25.1
Iceland,ISL,1987,26.55
Iceland,ISL,1988,28.34
Iceland,ISL,1989,27.59
Iceland,ISL,1990,27.92
Iceland,ISL,1991,28.33
Iceland,ISL,1992,27.14
Iceland,ISL,1993,27.36
Iceland,ISL,1994,28.74
Iceland,ISL,1995,28.11
Iceland,ISL,1996,28.46
Iceland,ISL,1997,30.38
Iceland,ISL,1998,30.82
Iceland,ISL,1999,32.07
Iceland,ISL,2000,30.71
Iceland,ISL,2001,31.46
Iceland,ISL,2002,32.81
Iceland,ISL,2003,32.71
Iceland,ISL,2004,34.77
Iceland,ISL,2005,35.03
Iceland,ISL,2006,31.04
Iceland,ISL,2007,32.07
Iceland,ISL,2008,35.99
Iceland,ISL,2009,39.15
Iceland,ISL,2010,36.84
Iceland,ISL,2011,36.35
Iceland,ISL,2012,37.82
Iceland,ISL,2013,37.86
Iceland,ISL,2014,38.02
India,IND,1970,1.78
India,IND,1971,1.82
India,IND,1972,1.82
India,IND,1973,1.91
India,IND,1974,1.84
India,IND,1975,2
India,IND,1976,1.96
India,IND,1977,1.92
India,IND,1978,1.86
India,IND,1979,1.72
India,IND,1980,1.7
India,IND,1981,1.59
India,IND,1982,1.56
India,IND,1983,1.54
India,IND,1984,1.46
India,IND,1985,1.42
India,IND,1986,1.44
India,IND,1987,1.48
India,IND,1988,1.55
India,IND,1989,1.61
India,IND,1990,1.66
India,IND,1991,1.61
India,IND,1992,1.68
India,IND,1993,1.75
India,IND,1994,1.97
India,IND,1995,2.04
India,IND,1996,2.11
India,IND,1997,2.22
India,IND,1998,2.29
India,IND,1999,2.4
India,IND,2000,2.42
India,IND,2001,2.42
India,IND,2002,2.47
India,IND,2003,2.6
India,IND,2004,2.64
India,IND,2005,2.98
India,IND,2006,3.36
India,IND,2007,3.75
India,IND,2008,4.2
India,IND,2009,4.49
India,IND,2010,5.12
India,IND,2011,5.61
India,IND,2012,5.94
India,IND,2013,6.08
India,IND,2014,6.4
Indonesia,IDN,1970,2.03
Indonesia,IDN,1971,2.12
Indonesia,IDN,1972,2.32
Indonesia,IDN,1973,2.51
Indonesia,IDN,1974,2.61
Indonesia,IDN,1975,2.59
Indonesia,IDN,1976,2.63
Indonesia,IDN,1977,2.81
Indonesia,IDN,1978,2.83
Indonesia,IDN,1979,3.06
Indonesia,IDN,1980,3.32
Indonesia,IDN,1981,3.43
Indonesia,IDN,1982,3.25
Indonesia,IDN,1983,3.46
Indonesia,IDN,1984,3.56
Indonesia,IDN,1985,3.45
Indonesia,IDN,1986,3.37
Indonesia,IDN,1987,3.38
Indonesia,IDN,1988,3.35
Indonesia,IDN,1989,3.52
Indonesia,IDN,1990,3.9
Indonesia,IDN,1991,4.19
Indonesia,IDN,1992,4.44
Indonesia,IDN,1993,4.66
Indonesia,IDN,1994,4.9
Indonesia,IDN,1995,5.48
Indonesia,IDN,1996,5.64
Indonesia,IDN,1997,5.49
Indonesia,IDN,1998,4.41
Indonesia,IDN,1999,4.32
Indonesia,IDN,2000,4.11
Indonesia,IDN,2001,4.11
Indonesia,IDN,2002,4.17
Indonesia,IDN,2003,4.19
Indonesia,IDN,2004,4.42
Indonesia,IDN,2005,4.81
Indonesia,IDN,2006,5.22
Indonesia,IDN,2007,5.44
Indonesia,IDN,2008,6.35
Indonesia,IDN,2009,6.83
Indonesia,IDN,2010,7.86
Indonesia,IDN,2011,9.55
Indonesia,IDN,2012,10.03
Indonesia,IDN,2013,10.16
Indonesia,IDN,2014,10.88
Ireland,IRL,1950,4.78
Ireland,IRL,1951,4.93
Ireland,IRL,1952,5.21
Ireland,IRL,1953,5.43
Ireland,IRL,1954,5.59
Ireland,IRL,1955,5.84
Ireland,IRL,1956,5.87
Ireland,IRL,1957,6.08
Ireland,IRL,1958,6.1
Ireland,IRL,1959,6.44
Ireland,IRL,1960,6.83
Ireland,IRL,1961,7.17
Ireland,IRL,1962,7.27
Ireland,IRL,1963,7.56
Ireland,IRL,1964,7.75
Ireland,IRL,1965,7.87
Ireland,IRL,1966,8.01
Ireland,IRL,1967,8.52
Ireland,IRL,1968,9.14
Ireland,IRL,1969,9.56
Ireland,IRL,1970,9.81
Ireland,IRL,1971,10.07
Ireland,IRL,1972,11.1
Ireland,IRL,1973,11.65
Ireland,IRL,1974,11.96
Ireland,IRL,1975,12.67
Ireland,IRL,1976,13.38
Ireland,IRL,1977,14.44
Ireland,IRL,1978,15.76
Ireland,IRL,1979,15.99
Ireland,IRL,1980,17.11
Ireland,IRL,1981,17.73
Ireland,IRL,1982,18.09
Ireland,IRL,1983,17.98
Ireland,IRL,1984,18.9
Ireland,IRL,1985,18.33
Ireland,IRL,1986,19.44
Ireland,IRL,1987,20.87
Ireland,IRL,1988,21.6
Ireland,IRL,1989,22.81
Ireland,IRL,1990,23.65
Ireland,IRL,1991,24.62
Ireland,IRL,1992,26.94
Ireland,IRL,1993,28.58
Ireland,IRL,1994,29.03
Ireland,IRL,1995,31.85
Ireland,IRL,1996,33
Ireland,IRL,1997,36
Ireland,IRL,1998,38.08
Ireland,IRL,1999,38.91
Ireland,IRL,2000,41.89
Ireland,IRL,2001,43.76
Ireland,IRL,2002,49.04
Ireland,IRL,2003,52.86
Ireland,IRL,2004,54.45
Ireland,IRL,2005,56.37
Ireland,IRL,2006,55.28
Ireland,IRL,2007,59.53
Ireland,IRL,2008,57.93
Ireland,IRL,2009,61.76
Ireland,IRL,2010,65.04
Ireland,IRL,2011,68.69
Ireland,IRL,2012,69.2
Ireland,IRL,2013,68.98
Ireland,IRL,2014,71.98
Israel,ISR,1981,22.67
Israel,ISR,1982,23.23
Israel,ISR,1983,23.66
Israel,ISR,1984,23.65
Israel,ISR,1985,24.25
Israel,ISR,1986,25.66
Israel,ISR,1987,27.15
Israel,ISR,1988,27.83
Israel,ISR,1989,26.78
Israel,ISR,1990,28.99
Israel,ISR,1991,30.23
Israel,ISR,1992,30.72
Israel,ISR,1993,30.59
Israel,ISR,1994,30.05
Israel,ISR,1995,29.83
Israel,ISR,1996,30.55
Israel,ISR,1997,31.52
Israel,ISR,1998,32.48
Israel,ISR,1999,33.06
Israel,ISR,2000,35.21
Israel,ISR,2001,36.07
Israel,ISR,2002,35.77
Israel,ISR,2003,34.25
Israel,ISR,2004,34.01
Israel,ISR,2005,33.4
Israel,ISR,2006,33.41
Israel,ISR,2007,32.73
Israel,ISR,2008,32.06
Israel,ISR,2009,32.42
Israel,ISR,2010,32.31
Israel,ISR,2011,32.31
Israel,ISR,2012,32.84
Israel,ISR,2013,33.28
Israel,ISR,2014,33.98
Italy,ITA,1950,4.87
Italy,ITA,1951,5.21
Italy,ITA,1952,5.27
Italy,ITA,1953,5.55
Italy,ITA,1954,5.68
Italy,ITA,1955,5.95
Italy,ITA,1956,6.06
Italy,ITA,1957,6.28
Italy,ITA,1958,6.53
Italy,ITA,1959,6.91
Italy,ITA,1960,7.56
Italy,ITA,1961,8.21
Italy,ITA,1962,8.9
Italy,ITA,1963,9.53
Italy,ITA,1964,9.86
Italy,ITA,1965,10.68
Italy,ITA,1966,11.36
Italy,ITA,1967,11.89
Italy,ITA,1968,12.71
Italy,ITA,1969,13.59
Italy,ITA,1970,15.53
Italy,ITA,1971,16.33
Italy,ITA,1972,17.36
Italy,ITA,1973,18.81
Italy,ITA,1974,20.19
Italy,ITA,1975,20.09
Italy,ITA,1976,21.92
Italy,ITA,1977,23.4
Italy,ITA,1978,24.82
Italy,ITA,1979,26.87
Italy,ITA,1980,28.24
Italy,ITA,1981,27.67
Italy,ITA,1982,26.97
Italy,ITA,1983,26.57
Italy,ITA,1984,27.06
Italy,ITA,1985,27.1
Italy,ITA,1986,28.6
Italy,ITA,1987,29.69
Italy,ITA,1988,30.64
Italy,ITA,1989,31.97
Italy,ITA,1990,33.17
Italy,ITA,1991,33.69
Italy,ITA,1992,34.63
Italy,ITA,1993,35.67
Italy,ITA,1994,37.63
Italy,ITA,1995,39.41
Italy,ITA,1996,39.8
Italy,ITA,1997,41.29
Italy,ITA,1998,42.67
Italy,ITA,1999,43.3
Italy,ITA,2000,44.33
Italy,ITA,2001,44.76
Italy,ITA,2002,42.63
Italy,ITA,2003,41.9
Italy,ITA,2004,41.87
Italy,ITA,2005,42.74
Italy,ITA,2006,43.19
Italy,ITA,2007,45.29
Italy,ITA,2008,46.83
Italy,ITA,2009,46.87
Italy,ITA,2010,47.4
Italy,ITA,2011,48.71
Italy,ITA,2012,50.4
Italy,ITA,2013,51.28
Italy,ITA,2014,51.65
Jamaica,JAM,1986,5.91
Jamaica,JAM,1987,6.19
Jamaica,JAM,1988,6.14
Jamaica,JAM,1989,5.93
Jamaica,JAM,1990,6.44
Jamaica,JAM,1991,6.46
Jamaica,JAM,1992,7.11
Jamaica,JAM,1993,7.22
Jamaica,JAM,1994,7.16
Jamaica,JAM,1995,6.88
Jamaica,JAM,1996,6.99
Jamaica,JAM,1997,6.87
Jamaica,JAM,1998,6.89
Jamaica,JAM,1999,7.27
Jamaica,JAM,2000,7.59
Jamaica,JAM,2001,7.54
Jamaica,JAM,2002,7.21
Jamaica,JAM,2003,7.66
Jamaica,JAM,2004,7.92
Jamaica,JAM,2005,8.2
Jamaica,JAM,2006,8.41
Jamaica,JAM,2007,8.49
Jamaica,JAM,2008,8.42
Jamaica,JAM,2009,9.24
Jamaica,JAM,2010,9.69
Jamaica,JAM,2011,9.82
Jamaica,JAM,2012,9.81
Jamaica,JAM,2013,10.14
Jamaica,JAM,2014,10.13
Japan,JPN,1950,2.58
Japan,JPN,1951,2.81
Japan,JPN,1952,3.02
Japan,JPN,1953,3.09
Japan,JPN,1954,3.16
Japan,JPN,1955,3.27
Japan,JPN,1956,3.35
Japan,JPN,1957,3.47
Japan,JPN,1958,3.65
Japan,JPN,1959,3.93
Japan,JPN,1960,4.31
Japan,JPN,1961,4.72
Japan,JPN,1962,5.16
Japan,JPN,1963,5.55
Japan,JPN,1964,6.08
Japan,JPN,1965,6.4
Japan,JPN,1966,6.89
Japan,JPN,1967,7.43
Japan,JPN,1968,8.22
Japan,JPN,1969,9.22
Japan,JPN,1970,10.11
Japan,JPN,1971,10.64
Japan,JPN,1972,11.6
Japan,JPN,1973,12.43
Japan,JPN,1974,12.8
Japan,JPN,1975,13.57
Japan,JPN,1976,14.25
Japan,JPN,1977,15.04
Japan,JPN,1978,16.07
Japan,JPN,1979,16.97
Japan,JPN,1980,17.88
Japan,JPN,1981,17.79
Japan,JPN,1982,17.42
Japan,JPN,1983,17.04
Japan,JPN,1984,17.04
Japan,JPN,1985,17.64
Japan,JPN,1986,19.17
Japan,JPN,1987,20.48
Japan,JPN,1988,22.38
Japan,JPN,1989,23.98
Japan,JPN,1990,26.02
Japan,JPN,1991,27.58
Japan,JPN,1992,28.77
Japan,JPN,1993,30.49
Japan,JPN,1994,31.55
Japan,JPN,1995,33.21
Japan,JPN,1996,33.59
Japan,JPN,1997,34.09
Japan,JPN,1998,34.08
Japan,JPN,1999,34.97
Japan,JPN,2000,35.88
Japan,JPN,2001,35.96
Japan,JPN,2002,36.74
Japan,JPN,2003,37.24
Japan,JPN,2004,38.18
Japan,JPN,2005,38.66
Japan,JPN,2006,38.61
Japan,JPN,2007,39.24
Japan,JPN,2008,38.88
Japan,JPN,2009,38.73
Japan,JPN,2010,40.56
Japan,JPN,2011,40.09
Japan,JPN,2012,39.91
Japan,JPN,2013,40.21
Japan,JPN,2014,40.14
Latvia,LVA,1990,14.38
Latvia,LVA,1991,12.9
Latvia,LVA,1992,9.53
Latvia,LVA,1993,8.99
Latvia,LVA,1994,9.71
Latvia,LVA,1995,10.55
Latvia,LVA,1996,10.93
Latvia,LVA,1997,10.83
Latvia,LVA,1998,11.7
Latvia,LVA,1999,12.34
Latvia,LVA,2000,12.57
Latvia,LVA,2001,13.24
Latvia,LVA,2002,13.93
Latvia,LVA,2003,14.09
Latvia,LVA,2004,14.65
Latvia,LVA,2005,15.46
Latvia,LVA,2006,19.13
Latvia,LVA,2007,20.43
Latvia,LVA,2008,19.84
Latvia,LVA,2009,20.78
Latvia,LVA,2010,22.84
Latvia,LVA,2011,24.31
Latvia,LVA,2012,26.06
Latvia,LVA,2013,26.83
Latvia,LVA,2014,28.69
Lithuania,LTU,1990,14.44
Lithuania,LTU,1991,12.26
Lithuania,LTU,1992,10.9
Lithuania,LTU,1993,10.5
Lithuania,LTU,1994,9.78
Lithuania,LTU,1995,11.73
Lithuania,LTU,1996,12.23
Lithuania,LTU,1997,13.22
Lithuania,LTU,1998,13.78
Lithuania,LTU,1999,15.19
Lithuania,LTU,2000,15.98
Lithuania,LTU,2001,18.11
Lithuania,LTU,2002,18.26
Lithuania,LTU,2003,19.52
Lithuania,LTU,2004,19
Lithuania,LTU,2005,20.52
Lithuania,LTU,2006,21.98
Lithuania,LTU,2007,23.25
Lithuania,LTU,2008,24.61
Lithuania,LTU,2009,24.57
Lithuania,LTU,2010,27.48
Lithuania,LTU,2011,30.74
Lithuania,LTU,2012,33.35
Lithuania,LTU,2013,35.05
Lithuania,LTU,2014,36.94
Luxembourg,LUX,1950,13.27
Luxembourg,LUX,1951,14.03
Luxembourg,LUX,1952,15.53
Luxembourg,LUX,1953,14.19
Luxembourg,LUX,1954,13.86
Luxembourg,LUX,1955,14.95
Luxembourg,LUX,1956,16.54
Luxembourg,LUX,1957,17.25
Luxembourg,LUX,1958,16.85
Luxembourg,LUX,1959,16.93
Luxembourg,LUX,1960,18.23
Luxembourg,LUX,1961,18.13
Luxembourg,LUX,1962,18.01
Luxembourg,LUX,1963,18.36
Luxembourg,LUX,1964,19.67
Luxembourg,LUX,1965,19.92
Luxembourg,LUX,1966,20.29
Luxembourg,LUX,1967,21.44
Luxembourg,LUX,1968,22.81
Luxembourg,LUX,1969,25.78
Luxembourg,LUX,1970,25.56
Luxembourg,LUX,1971,24.05
Luxembourg,LUX,1972,25.55
Luxembourg,LUX,1973,28.43
Luxembourg,LUX,1974,29.9
Luxembourg,LUX,1975,25.87
Luxembourg,LUX,1976,27.37
Luxembourg,LUX,1977,27.96
Luxembourg,LUX,1978,29.78
Luxembourg,LUX,1979,31.06
Luxembourg,LUX,1980,31.51
Luxembourg,LUX,1981,30.55
Luxembourg,LUX,1982,30.97
Luxembourg,LUX,1983,31.15
Luxembourg,LUX,1984,30.86
Luxembourg,LUX,1985,30.11
Luxembourg,LUX,1986,34.28
Luxembourg,LUX,1987,34.67
Luxembourg,LUX,1988,37.1
Luxembourg,LUX,1989,40.56
Luxembourg,LUX,1990,41.1
Luxembourg,LUX,1991,44.52
Luxembourg,LUX,1992,45.01
Luxembourg,LUX,1993,47.34
Luxembourg,LUX,1994,49.63
Luxembourg,LUX,1995,48.71
Luxembourg,LUX,1996,49.49
Luxembourg,LUX,1997,51.23
Luxembourg,LUX,1998,54.3
Luxembourg,LUX,1999,58.46
Luxembourg,LUX,2000,62.63
Luxembourg,LUX,2001,56.26
Luxembourg,LUX,2002,55.12
Luxembourg,LUX,2003,52.53
Luxembourg,LUX,2004,49.68
Luxembourg,LUX,2005,53.58
Luxembourg,LUX,2006,51.69
Luxembourg,LUX,2007,52.44
Luxembourg,LUX,2008,49.15
Luxembourg,LUX,2009,47.64
Luxembourg,LUX,2010,51.58
Luxembourg,LUX,2011,48.38
Luxembourg,LUX,2012,52.32
Luxembourg,LUX,2013,50.9
Luxembourg,LUX,2014,59.06
Malaysia,MYS,1970,5.04
Malaysia,MYS,1971,5.96
Malaysia,MYS,1972,6.27
Malaysia,MYS,1973,6.97
Malaysia,MYS,1974,7.55
Malaysia,MYS,1975,7.15
Malaysia,MYS,1976,7.35
Malaysia,MYS,1977,7.79
Malaysia,MYS,1978,8.15
Malaysia,MYS,1979,8.55
Malaysia,MYS,1980,9.02
Malaysia,MYS,1981,8.8
Malaysia,MYS,1982,9.34
Malaysia,MYS,1983,9.5
Malaysia,MYS,1984,10.11
Malaysia,MYS,1985,9.21
Malaysia,MYS,1986,8.31
Malaysia,MYS,1987,8.61
Malaysia,MYS,1988,8.97
Malaysia,MYS,1989,9.43
Malaysia,MYS,1990,9.89
Malaysia,MYS,1991,10.48
Malaysia,MYS,1992,10.81
Malaysia,MYS,1993,11.2
Malaysia,MYS,1994,11.7
Malaysia,MYS,1995,12.8
Malaysia,MYS,1996,12.56
Malaysia,MYS,1997,12.86
Malaysia,MYS,1998,11.15
Malaysia,MYS,1999,11.4
Malaysia,MYS,2000,12.46
Malaysia,MYS,2001,12.2
Malaysia,MYS,2002,12.64
Malaysia,MYS,2003,13.14
Malaysia,MYS,2004,14.28
Malaysia,MYS,2005,16.22
Malaysia,MYS,2006,16.04
Malaysia,MYS,2007,17.28
Malaysia,MYS,2008,19.24
Malaysia,MYS,2009,17.62
Malaysia,MYS,2010,17.71
Malaysia,MYS,2011,19.41
Malaysia,MYS,2012,20.17
Malaysia,MYS,2013,20.78
Malaysia,MYS,2014,20.73
Malta,MLT,1954,1.1
Malta,MLT,1955,1.15
Malta,MLT,1956,1.47
Malta,MLT,1957,1.45
Malta,MLT,1958,1.76
Malta,MLT,1959,1.94
Malta,MLT,1960,1.19
Malta,MLT,1961,1.13
Malta,MLT,1962,1.58
Malta,MLT,1963,0.33
Malta,MLT,1964,1.24
Malta,MLT,1965,2.63
Malta,MLT,1966,2.96
Malta,MLT,1967,3.2
Malta,MLT,1968,3.58
Malta,MLT,1969,3.76
Malta,MLT,1970,4.17
Malta,MLT,1971,4.39
Malta,MLT,1972,4.67
Malta,MLT,1973,5.04
Malta,MLT,1974,5.61
Malta,MLT,1975,6.84
Malta,MLT,1976,8.26
Malta,MLT,1977,8.9
Malta,MLT,1978,10.36
Malta,MLT,1979,11.65
Malta,MLT,1980,12.3
Malta,MLT,1981,13.91
Malta,MLT,1982,15.41
Malta,MLT,1983,14.97
Malta,MLT,1984,14.75
Malta,MLT,1985,14.47
Malta,MLT,1986,14.29
Malta,MLT,1987,13.71
Malta,MLT,1988,14.63
Malta,MLT,1989,15.84
Malta,MLT,1990,15.87
Malta,MLT,1991,16.52
Malta,MLT,1992,16.25
Malta,MLT,1993,17.44
Malta,MLT,1994,17.83
Malta,MLT,1995,17.37
Malta,MLT,1996,17.14
Malta,MLT,1997,20.08
Malta,MLT,1998,21.2
Malta,MLT,1999,22.75
Malta,MLT,2000,28.32
Malta,MLT,2001,25.99
Malta,MLT,2002,25.86
Malta,MLT,2003,26.2
Malta,MLT,2004,25.72
Malta,MLT,2005,26.91
Malta,MLT,2006,26.11
Malta,MLT,2007,26.43
Malta,MLT,2008,26.35
Malta,MLT,2009,27.29
Malta,MLT,2010,28.06
Malta,MLT,2011,28.06
Malta,MLT,2012,28.68
Malta,MLT,2013,27.81
Malta,MLT,2014,26.93
Mexico,MEX,1950,6.89
Mexico,MEX,1951,7.38
Mexico,MEX,1952,7.6
Mexico,MEX,1953,7.42
Mexico,MEX,1954,8.14
Mexico,MEX,1955,8.72
Mexico,MEX,1956,9.2
Mexico,MEX,1957,9.76
Mexico,MEX,1958,10.09
Mexico,MEX,1959,10.22
Mexico,MEX,1960,10.84
Mexico,MEX,1961,10.9
Mexico,MEX,1962,11.06
Mexico,MEX,1963,11.8
Mexico,MEX,1964,13.08
Mexico,MEX,1965,13.45
Mexico,MEX,1966,13.91
Mexico,MEX,1967,14.27
Mexico,MEX,1968,15.11
Mexico,MEX,1969,15.29
Mexico,MEX,1970,15.81
Mexico,MEX,1971,15.66
Mexico,MEX,1972,16.06
Mexico,MEX,1973,16.47
Mexico,MEX,1974,16.56
Mexico,MEX,1975,16.39
Mexico,MEX,1976,16.56
Mexico,MEX,1977,16.48
Mexico,MEX,1978,17.18
Mexico,MEX,1979,17.88
Mexico,MEX,1980,18.55
Mexico,MEX,1981,19.34
Mexico,MEX,1982,18.43
Mexico,MEX,1983,17.17
Mexico,MEX,1984,16.98
Mexico,MEX,1985,16.23
Mexico,MEX,1986,14.7
Mexico,MEX,1987,14.38
Mexico,MEX,1988,13.91
Mexico,MEX,1989,13.83
Mexico,MEX,1990,14.16
Mexico,MEX,1991,14.66
Mexico,MEX,1992,14.76
Mexico,MEX,1993,14.31
Mexico,MEX,1994,14.07
Mexico,MEX,1995,12.79
Mexico,MEX,1996,12.38
Mexico,MEX,1997,12.22
Mexico,MEX,1998,13.08
Mexico,MEX,1999,12.82
Mexico,MEX,2000,14.34
Mexico,MEX,2001,14.59
Mexico,MEX,2002,14
Mexico,MEX,2003,14.68
Mexico,MEX,2004,15.36
Mexico,MEX,2005,16.04
Mexico,MEX,2006,16.73
Mexico,MEX,2007,17.31
Mexico,MEX,2008,17.15
Mexico,MEX,2009,16.95
Mexico,MEX,2010,16.49
Mexico,MEX,2011,17.66
Mexico,MEX,2012,17.39
Mexico,MEX,2013,17.46
Mexico,MEX,2014,17.71
Netherlands,NLD,1950,8.9
Netherlands,NLD,1951,9.29
Netherlands,NLD,1952,9.55
Netherlands,NLD,1953,10.16
Netherlands,NLD,1954,10.72
Netherlands,NLD,1955,11.52
Netherlands,NLD,1956,11.8
Netherlands,NLD,1957,12.25
Netherlands,NLD,1958,12.29
Netherlands,NLD,1959,13.04
Netherlands,NLD,1960,14.14
Netherlands,NLD,1961,14.28
Netherlands,NLD,1962,14.63
Netherlands,NLD,1963,14.56
Netherlands,NLD,1964,15.97
Netherlands,NLD,1965,16.52
Netherlands,NLD,1966,16.71
Netherlands,NLD,1967,17.7
Netherlands,NLD,1968,18.68
Netherlands,NLD,1969,19.61
Netherlands,NLD,1970,20.96
Netherlands,NLD,1971,22.32
Netherlands,NLD,1972,23.37
Netherlands,NLD,1973,25.21
Netherlands,NLD,1974,28.13
Netherlands,NLD,1975,28.66
Netherlands,NLD,1976,30.2
Netherlands,NLD,1977,30.89
Netherlands,NLD,1978,31.89
Netherlands,NLD,1979,32.62
Netherlands,NLD,1980,33.5
Netherlands,NLD,1981,32.82
Netherlands,NLD,1982,32.67
Netherlands,NLD,1983,33.33
Netherlands,NLD,1984,33.86
Netherlands,NLD,1985,32.82
Netherlands,NLD,1986,33.88
Netherlands,NLD,1987,34.07
Netherlands,NLD,1988,34.92
Netherlands,NLD,1989,35.61
Netherlands,NLD,1990,36.99
Netherlands,NLD,1991,37.74
Netherlands,NLD,1992,37.6
Netherlands,NLD,1993,39.08
Netherlands,NLD,1994,39.77
Netherlands,NLD,1995,40.77
Netherlands,NLD,1996,41.23
Netherlands,NLD,1997,43.11
Netherlands,NLD,1998,43.59
Netherlands,NLD,1999,45.38
Netherlands,NLD,2000,49.77
Netherlands,NLD,2001,50.05
Netherlands,NLD,2002,50.54
Netherlands,NLD,2003,50.6
Netherlands,NLD,2004,51.43
Netherlands,NLD,2005,56.76
Netherlands,NLD,2006,56.86
Netherlands,NLD,2007,59.48
Netherlands,NLD,2008,61.02
Netherlands,NLD,2009,57.45
Netherlands,NLD,2010,57.8
Netherlands,NLD,2011,58.91
Netherlands,NLD,2012,61.06
Netherlands,NLD,2013,66.13
Netherlands,NLD,2014,65.48
New Zealand,NZL,1950,11.39
New Zealand,NZL,1951,10.46
New Zealand,NZL,1952,10.69
New Zealand,NZL,1953,11.02
New Zealand,NZL,1954,12.01
New Zealand,NZL,1955,12.36
New Zealand,NZL,1956,12.53
New Zealand,NZL,1957,12.96
New Zealand,NZL,1958,13.32
New Zealand,NZL,1959,13.86
New Zealand,NZL,1960,15.54
New Zealand,NZL,1961,16.21
New Zealand,NZL,1962,16.34
New Zealand,NZL,1963,17.09
New Zealand,NZL,1964,17.43
New Zealand,NZL,1965,18.06
New Zealand,NZL,1966,18.6
New Zealand,NZL,1967,17.27
New Zealand,NZL,1968,17.25
New Zealand,NZL,1969,19.06
New Zealand,NZL,1970,18.24
New Zealand,NZL,1971,18.31
New Zealand,NZL,1972,19.15
New Zealand,NZL,1973,20.31
New Zealand,NZL,1974,20.43
New Zealand,NZL,1975,19.49
New Zealand,NZL,1976,19.92
New Zealand,NZL,1977,19.13
New Zealand,NZL,1978,17.86
New Zealand,NZL,1979,17.72
New Zealand,NZL,1980,17.78
New Zealand,NZL,1981,18.72
New Zealand,NZL,1982,18.95
New Zealand,NZL,1983,20.21
New Zealand,NZL,1984,20.97
New Zealand,NZL,1985,20.19
New Zealand,NZL,1986,21.38
New Zealand,NZL,1987,22.62
New Zealand,NZL,1988,23.82
New Zealand,NZL,1989,25.29
New Zealand,NZL,1990,26.11
New Zealand,NZL,1991,25.94
New Zealand,NZL,1992,26.67
New Zealand,NZL,1993,28.04
New Zealand,NZL,1994,29.02
New Zealand,NZL,1995,29.52
New Zealand,NZL,1996,29.76
New Zealand,NZL,1997,30.42
New Zealand,NZL,1998,30.32
New Zealand,NZL,1999,30.84
New Zealand,NZL,2000,30.96
New Zealand,NZL,2001,31.74
New Zealand,NZL,2002,31.92
New Zealand,NZL,2003,32.02
New Zealand,NZL,2004,31.09
New Zealand,NZL,2005,31.27
New Zealand,NZL,2006,30.86
New Zealand,NZL,2007,32.88
New Zealand,NZL,2008,32.68
New Zealand,NZL,2009,33.38
New Zealand,NZL,2010,34.47
New Zealand,NZL,2011,35.83
New Zealand,NZL,2012,35.84
New Zealand,NZL,2013,36.79
New Zealand,NZL,2014,36.75
Norway,NOR,1950,9.1
Norway,NOR,1951,9.62
Norway,NOR,1952,10.16
Norway,NOR,1953,10.73
Norway,NOR,1954,11.07
Norway,NOR,1955,11.5
Norway,NOR,1956,12
Norway,NOR,1957,12.62
Norway,NOR,1958,12.73
Norway,NOR,1959,13.13
Norway,NOR,1960,13.38
Norway,NOR,1961,14.06
Norway,NOR,1962,14.35
Norway,NOR,1963,14.84
Norway,NOR,1964,15.65
Norway,NOR,1965,16.76
Norway,NOR,1966,17.29
Norway,NOR,1967,18.46
Norway,NOR,1968,19.51
Norway,NOR,1969,20.6
Norway,NOR,1970,17.41
Norway,NOR,1971,18.73
Norway,NOR,1972,20.8
Norway,NOR,1973,21.63
Norway,NOR,1974,23.5
Norway,NOR,1975,25.79
Norway,NOR,1976,26.73
Norway,NOR,1977,27.43
Norway,NOR,1978,29.76
Norway,NOR,1979,31.67
Norway,NOR,1980,32.99
Norway,NOR,1981,33.05
Norway,NOR,1982,32.93
Norway,NOR,1983,34.61
Norway,NOR,1984,36.51
Norway,NOR,1985,35.88
Norway,NOR,1986,33.61
Norway,NOR,1987,34.38
Norway,NOR,1988,33.14
Norway,NOR,1989,35.55
Norway,NOR,1990,39.99
Norway,NOR,1991,40.61
Norway,NOR,1992,41.77
Norway,NOR,1993,41.91
Norway,NOR,1994,43
Norway,NOR,1995,46.15
Norway,NOR,1996,51.05
Norway,NOR,1997,52.66
Norway,NOR,1998,48.72
Norway,NOR,1999,53.65
Norway,NOR,2000,67.11
Norway,NOR,2001,69.31
Norway,NOR,2002,67.32
Norway,NOR,2003,74.2
Norway,NOR,2004,77.78
Norway,NOR,2005,92.66
Norway,NOR,2006,97.04
Norway,NOR,2007,95.13
Norway,NOR,2008,104.62
Norway,NOR,2009,90.21
Norway,NOR,2010,97.27
Norway,NOR,2011,106.22
Norway,NOR,2012,110.4
Norway,NOR,2013,109.58
Norway,NOR,2014,102.79
Pakistan,PAK,1970,2.82
Pakistan,PAK,1971,2.73
Pakistan,PAK,1972,2.83
Pakistan,PAK,1973,2.82
Pakistan,PAK,1974,2.81
Pakistan,PAK,1975,2.79
Pakistan,PAK,1976,2.86
Pakistan,PAK,1977,2.86
Pakistan,PAK,1978,2.97
Pakistan,PAK,1979,3.03
Pakistan,PAK,1980,3.2
Pakistan,PAK,1981,3.34
Pakistan,PAK,1982,3.44
Pakistan,PAK,1983,3.57
Pakistan,PAK,1984,3.63
Pakistan,PAK,1985,3.72
Pakistan,PAK,1986,3.81
Pakistan,PAK,1987,3.87
Pakistan,PAK,1988,4.1
Pakistan,PAK,1989,4.15
Pakistan,PAK,1990,4.09
Pakistan,PAK,1991,4.23
Pakistan,PAK,1992,4.3
Pakistan,PAK,1993,4.25
Pakistan,PAK,1994,4.24
Pakistan,PAK,1995,4.47
Pakistan,PAK,1996,4.64
Pakistan,PAK,1997,4.41
Pakistan,PAK,1998,4.4
Pakistan,PAK,1999,4.4
Pakistan,PAK,2000,4.59
Pakistan,PAK,2001,4.59
Pakistan,PAK,2002,4.64
Pakistan,PAK,2003,4.66
Pakistan,PAK,2004,4.82
Pakistan,PAK,2005,5.26
Pakistan,PAK,2006,5.4
Pakistan,PAK,2007,5.71
Pakistan,PAK,2008,5.86
Pakistan,PAK,2009,6.04
Pakistan,PAK,2010,6.23
Pakistan,PAK,2011,6.57
Pakistan,PAK,2012,6.67
Pakistan,PAK,2013,6.8
Pakistan,PAK,2014,7.02
Peru,PER,1950,2.73
Peru,PER,1951,2.9
Peru,PER,1952,3.04
Peru,PER,1953,3.16
Peru,PER,1954,3.32
Peru,PER,1955,3.46
Peru,PER,1956,3.54
Peru,PER,1957,3.79
Peru,PER,1958,3.69
Peru,PER,1959,3.72
Peru,PER,1960,4.06
Peru,PER,1961,4.28
Peru,PER,1962,4.59
Peru,PER,1963,4.77
Peru,PER,1964,5.01
Peru,PER,1965,5.26
Peru,PER,1966,5.57
Peru,PER,1967,5.76
Peru,PER,1968,5.65
Peru,PER,1969,5.83
Peru,PER,1970,5.91
Peru,PER,1971,6.04
Peru,PER,1972,5.98
Peru,PER,1973,6.27
Peru,PER,1974,6.6
Peru,PER,1975,6.8
Peru,PER,1976,6.67
Peru,PER,1977,6.47
Peru,PER,1978,6.19
Peru,PER,1979,6.2
Peru,PER,1980,6.57
Peru,PER,1981,6.88
Peru,PER,1982,6.74
Peru,PER,1983,5.95
Peru,PER,1984,6.01
Peru,PER,1985,5.89
Peru,PER,1986,6.27
Peru,PER,1987,6.77
Peru,PER,1988,6.41
Peru,PER,1989,5.23
Peru,PER,1990,5.17
Peru,PER,1991,5.08
Peru,PER,1992,5.2
Peru,PER,1993,5.38
Peru,PER,1994,5.97
Peru,PER,1995,6.39
Peru,PER,1996,6.51
Peru,PER,1997,6.81
Peru,PER,1998,6.39
Peru,PER,1999,6.17
Peru,PER,2000,6.15
Peru,PER,2001,6.18
Peru,PER,2002,6.57
Peru,PER,2003,6.79
Peru,PER,2004,7.24
Peru,PER,2005,7.85
Peru,PER,2006,8.58
Peru,PER,2007,9.3
Peru,PER,2008,9.93
Peru,PER,2009,10.08
Peru,PER,2010,11.24
Peru,PER,2011,11.85
Peru,PER,2012,12.41
Peru,PER,2013,12.67
Peru,PER,2014,12.84
Philippines,PHL,1970,3.32
Philippines,PHL,1971,3.2
Philippines,PHL,1972,3.38
Philippines,PHL,1973,3.39
Philippines,PHL,1974,3.55
Philippines,PHL,1975,3.72
Philippines,PHL,1976,3.79
Philippines,PHL,1977,4.24
Philippines,PHL,1978,3.88
Philippines,PHL,1979,4.08
Philippines,PHL,1980,4.26
Philippines,PHL,1981,4.3
Philippines,PHL,1982,4.31
Philippines,PHL,1983,4.18
Philippines,PHL,1984,3.92
Philippines,PHL,1985,3.53
Philippines,PHL,1986,3.64
Philippines,PHL,1987,4.05
Philippines,PHL,1988,4.42
Philippines,PHL,1989,4.73
Philippines,PHL,1990,4.99
Philippines,PHL,1991,5
Philippines,PHL,1992,5.35
Philippines,PHL,1993,5.33
Philippines,PHL,1994,5.71
Philippines,PHL,1995,6.19
Philippines,PHL,1996,6.44
Philippines,PHL,1997,6.31
Philippines,PHL,1998,5.69
Philippines,PHL,1999,5.35
Philippines,PHL,2000,5.75
Philippines,PHL,2001,5.52
Philippines,PHL,2002,5.53
Philippines,PHL,2003,5.37
Philippines,PHL,2004,5.48
Philippines,PHL,2005,5.52
Philippines,PHL,2006,5.81
Philippines,PHL,2007,6.25
Philippines,PHL,2008,6.43
Philippines,PHL,2009,6.6
Philippines,PHL,2010,7.07
Philippines,PHL,2011,7.31
Philippines,PHL,2012,7.75
Philippines,PHL,2013,8.47
Philippines,PHL,2014,8.9
Poland,POL,1990,8.99
Poland,POL,1991,9.57
Poland,POL,1992,10.58
Poland,POL,1993,11.76
Poland,POL,1994,12.75
Poland,POL,1995,14.12
Poland,POL,1996,14.63
Poland,POL,1997,15.27
Poland,POL,1998,15.72
Poland,POL,1999,16.75
Poland,POL,2000,17.57
Poland,POL,2001,18.02
Poland,POL,2002,19.11
Poland,POL,2003,19.13
Poland,POL,2004,19.52
Poland,POL,2005,19.87
Poland,POL,2006,19.89
Poland,POL,2007,20.98
Poland,POL,2008,21.15
Poland,POL,2009,22.4
Poland,POL,2010,24.96
Poland,POL,2011,26.57
Poland,POL,2012,28.14
Poland,POL,2013,28.88
Poland,POL,2014,29.24
Portugal,PRT,1950,3.16
Portugal,PRT,1951,3.52
Portugal,PRT,1952,3.66
Portugal,PRT,1953,3.83
Portugal,PRT,1954,3.99
Portugal,PRT,1955,4.13
Portugal,PRT,1956,4.3
Portugal,PRT,1957,4.62
Portugal,PRT,1958,4.53
Portugal,PRT,1959,4.78
Portugal,PRT,1960,5.11
Portugal,PRT,1961,5.42
Portugal,PRT,1962,5.84
Portugal,PRT,1963,6.24
Portugal,PRT,1964,6.54
Portugal,PRT,1965,7.07
Portugal,PRT,1966,7.32
Portugal,PRT,1967,7.96
Portugal,PRT,1968,9.14
Portugal,PRT,1969,9.53
Portugal,PRT,1970,10.14
Portugal,PRT,1971,10.59
Portugal,PRT,1972,11.35
Portugal,PRT,1973,12.55
Portugal,PRT,1974,11.83
Portugal,PRT,1975,10.9
Portugal,PRT,1976,11.53
Portugal,PRT,1977,12
Portugal,PRT,1978,12.31
Portugal,PRT,1979,12.75
Portugal,PRT,1980,13.03
Portugal,PRT,1981,12.98
Portugal,PRT,1982,13.11
Portugal,PRT,1983,12.33
Portugal,PRT,1984,11.99
Portugal,PRT,1985,12.33
Portugal,PRT,1986,13.59
Portugal,PRT,1987,14.13
Portugal,PRT,1988,14.86
Portugal,PRT,1989,15.3
Portugal,PRT,1990,15.26
Portugal,PRT,1991,16.75
Portugal,PRT,1992,17.74
Portugal,PRT,1993,18.44
Portugal,PRT,1994,19.38
Portugal,PRT,1995,19.59
Portugal,PRT,1996,19.75
Portugal,PRT,1997,20.87
Portugal,PRT,1998,21.1
Portugal,PRT,1999,22.1
Portugal,PRT,2000,22.85
Portugal,PRT,2001,22.89
Portugal,PRT,2002,23.04
Portugal,PRT,2003,23.01
Portugal,PRT,2004,22.85
Portugal,PRT,2005,25.25
Portugal,PRT,2006,26.23
Portugal,PRT,2007,27.23
Portugal,PRT,2008,27.29
Portugal,PRT,2009,28.23
Portugal,PRT,2010,29.56
Portugal,PRT,2011,30.33
Portugal,PRT,2012,32.9
Portugal,PRT,2013,34.08
Portugal,PRT,2014,34.9
Romania,ROU,1990,6.35
Romania,ROU,1991,5.75
Romania,ROU,1992,5.65
Romania,ROU,1993,6.04
Romania,ROU,1994,6.3
Romania,ROU,1995,7.37
Romania,ROU,1996,7.7
Romania,ROU,1997,7.57
Romania,ROU,1998,7.9
Romania,ROU,1999,8.32
Romania,ROU,2000,8.67
Romania,ROU,2001,9.7
Romania,ROU,2002,11.08
Romania,ROU,2003,11.8
Romania,ROU,2004,13.04
Romania,ROU,2005,13.66
Romania,ROU,2006,15.19
Romania,ROU,2007,16.93
Romania,ROU,2008,19.54
Romania,ROU,2009,19.97
Romania,ROU,2010,20.95
Romania,ROU,2011,21.87
Romania,ROU,2012,26.47
Romania,ROU,2013,26.98
Romania,ROU,2014,27.93
Russia,RUS,1990,21.82
Russia,RUS,1991,21.73
Russia,RUS,1992,19.93
Russia,RUS,1993,17.4
Russia,RUS,1994,15.72
Russia,RUS,1995,15.3
Russia,RUS,1996,11.93
Russia,RUS,1997,11.4
Russia,RUS,1998,10.52
Russia,RUS,1999,9.29
Russia,RUS,2000,10.11
Russia,RUS,2001,10.38
Russia,RUS,2002,10.36
Russia,RUS,2003,11.29
Russia,RUS,2004,12.56
Russia,RUS,2005,14.19
Russia,RUS,2006,16.1
Russia,RUS,2007,18.15
Russia,RUS,2008,20.33
Russia,RUS,2009,18.64
Russia,RUS,2010,21.07
Russia,RUS,2011,23.55
Russia,RUS,2012,24.23
Russia,RUS,2013,24.5
Russia,RUS,2014,24.18
Saint Lucia,LCA,1985,9.04
Saint Lucia,LCA,1986,9.86
Saint Lucia,LCA,1987,10.53
Saint Lucia,LCA,1988,10.89
Saint Lucia,LCA,1989,10.83
Saint Lucia,LCA,1990,11.35
Saint Lucia,LCA,1991,10.49
Saint Lucia,LCA,1992,10.45
Saint Lucia,LCA,1993,9.8
Saint Lucia,LCA,1994,9.06
Saint Lucia,LCA,1995,9.24
Saint Lucia,LCA,1996,11.06
Saint Lucia,LCA,1997,10.08
Saint Lucia,LCA,1998,10.12
Saint Lucia,LCA,1999,9.1
Saint Lucia,LCA,2000,8.85
Saint Lucia,LCA,2001,7.46
Saint Lucia,LCA,2002,7.54
Saint Lucia,LCA,2003,8.09
Saint Lucia,LCA,2004,9.39
Saint Lucia,LCA,2005,9.63
Saint Lucia,LCA,2006,6.81
Saint Lucia,LCA,2007,9.07
Saint Lucia,LCA,2008,10.57
Saint Lucia,LCA,2009,11.92
Saint Lucia,LCA,2010,10.28
Saint Lucia,LCA,2011,12.69
Saint Lucia,LCA,2012,12.01
Saint Lucia,LCA,2013,7.41
Saint Lucia,LCA,2014,12.98
Singapore,SGP,1960,3.92
Singapore,SGP,1961,4.37
Singapore,SGP,1962,4.92
Singapore,SGP,1963,5.59
Singapore,SGP,1964,5.53
Singapore,SGP,1965,5.88
Singapore,SGP,1966,6.48
Singapore,SGP,1967,7.32
Singapore,SGP,1968,7.99
Singapore,SGP,1969,9.14
Singapore,SGP,1970,10.58
Singapore,SGP,1971,11.02
Singapore,SGP,1972,11.36
Singapore,SGP,1973,11.89
Singapore,SGP,1974,14.6
Singapore,SGP,1975,14.91
Singapore,SGP,1976,15.31
Singapore,SGP,1977,15.98
Singapore,SGP,1978,16.55
Singapore,SGP,1979,18.34
Singapore,SGP,1980,20.45
Singapore,SGP,1981,20.68
Singapore,SGP,1982,19.48
Singapore,SGP,1983,19.61
Singapore,SGP,1984,20.74
Singapore,SGP,1985,18.8
Singapore,SGP,1986,19.14
Singapore,SGP,1987,20.18
Singapore,SGP,1988,20.4
Singapore,SGP,1989,19.66
Singapore,SGP,1990,22.18
Singapore,SGP,1991,19.74
Singapore,SGP,1992,19.04
Singapore,SGP,1993,18.18
Singapore,SGP,1994,16.24
Singapore,SGP,1995,16.36
Singapore,SGP,1996,18.93
Singapore,SGP,1997,19.23
Singapore,SGP,1998,20.9
Singapore,SGP,1999,21.42
Singapore,SGP,2000,29.18
Singapore,SGP,2001,25.74
Singapore,SGP,2002,28.7
Singapore,SGP,2003,26.7
Singapore,SGP,2004,31.62
Singapore,SGP,2005,42.65
Singapore,SGP,2006,42.75
Singapore,SGP,2007,44.4
Singapore,SGP,2008,37.72
Singapore,SGP,2009,35.99
Singapore,SGP,2010,42.61
Singapore,SGP,2011,44.47
Singapore,SGP,2012,43.5
Singapore,SGP,2013,42.74
Singapore,SGP,2014,47.56
Slovakia,SVK,1990,19.16
Slovakia,SVK,1991,16.45
Slovakia,SVK,1992,16.39
Slovakia,SVK,1993,16.57
Slovakia,SVK,1994,17.53
Slovakia,SVK,1995,18.11
Slovakia,SVK,1996,19.3
Slovakia,SVK,1997,19.95
Slovakia,SVK,1998,19.58
Slovakia,SVK,1999,19.18
Slovakia,SVK,2000,20.38
Slovakia,SVK,2001,21.87
Slovakia,SVK,2002,22.99
Slovakia,SVK,2003,23.35
Slovakia,SVK,2004,23.11
Slovakia,SVK,2005,25.19
Slovakia,SVK,2006,25.9
Slovakia,SVK,2007,28.09
Slovakia,SVK,2008,29.9
Slovakia,SVK,2009,29.4
Slovakia,SVK,2010,30.99
Slovakia,SVK,2011,31.1
Slovakia,SVK,2012,32.2
Slovakia,SVK,2013,33.6
Slovakia,SVK,2014,35.05
Slovenia,SVN,1990,18.27
Slovenia,SVN,1991,18.17
Slovenia,SVN,1992,18.59
Slovenia,SVN,1993,20.68
Slovenia,SVN,1994,22.22
Slovenia,SVN,1995,24.27
Slovenia,SVN,1996,26.24
Slovenia,SVN,1997,27.62
Slovenia,SVN,1998,27.3
Slovenia,SVN,1999,27.67
Slovenia,SVN,2000,28.62
Slovenia,SVN,2001,29.12
Slovenia,SVN,2002,29.12
Slovenia,SVN,2003,29.38
Slovenia,SVN,2004,30.28
Slovenia,SVN,2005,32.9
Slovenia,SVN,2006,32.67
Slovenia,SVN,2007,33.04
Slovenia,SVN,2008,35.05
Slovenia,SVN,2009,32.84
Slovenia,SVN,2010,33.38
Slovenia,SVN,2011,35.32
Slovenia,SVN,2012,36.4
Slovenia,SVN,2013,36.65
Slovenia,SVN,2014,38.12
South Africa,ZAF,2003,14.32
South Africa,ZAF,2004,14.74
South Africa,ZAF,2005,14.72
South Africa,ZAF,2006,15.35
South Africa,ZAF,2007,16.26
South Africa,ZAF,2008,16.21
South Africa,ZAF,2009,16.19
South Africa,ZAF,2010,17.01
South Africa,ZAF,2011,16.88
South Africa,ZAF,2012,16.68
South Africa,ZAF,2013,16.36
South Africa,ZAF,2014,16.1
South Korea,KOR,1953,1.37
South Korea,KOR,1954,1.39
South Korea,KOR,1955,1.46
South Korea,KOR,1956,1.46
South Korea,KOR,1957,1.56
South Korea,KOR,1958,1.57
South Korea,KOR,1959,1.56
South Korea,KOR,1960,1.54
South Korea,KOR,1961,1.58
South Korea,KOR,1962,1.52
South Korea,KOR,1963,1.63
South Korea,KOR,1964,1.79
South Korea,KOR,1965,1.72
South Korea,KOR,1966,1.92
South Korea,KOR,1967,1.93
South Korea,KOR,1968,2.02
South Korea,KOR,1969,2.2
South Korea,KOR,1970,2.4
South Korea,KOR,1971,2.72
South Korea,KOR,1972,2.95
South Korea,KOR,1973,3.43
South Korea,KOR,1974,3.93
South Korea,KOR,1975,4.39
South Korea,KOR,1976,4.54
South Korea,KOR,1977,4.8
South Korea,KOR,1978,5.05
South Korea,KOR,1979,5.24
South Korea,KOR,1980,4.93
South Korea,KOR,1981,5.09
South Korea,KOR,1982,5.31
South Korea,KOR,1983,5.85
South Korea,KOR,1984,6.45
South Korea,KOR,1985,6.52
South Korea,KOR,1986,7.36
South Korea,KOR,1987,8.12
South Korea,KOR,1988,9.05
South Korea,KOR,1989,9.86
South Korea,KOR,1990,10.93
South Korea,KOR,1991,11.94
South Korea,KOR,1992,12.72
South Korea,KOR,1993,13.63
South Korea,KOR,1994,14.72
South Korea,KOR,1995,15.91
South Korea,KOR,1996,16.68
South Korea,KOR,1997,17.46
South Korea,KOR,1998,17.52
South Korea,KOR,1999,19.19
South Korea,KOR,2000,19.77
South Korea,KOR,2001,20.12
South Korea,KOR,2002,21.43
South Korea,KOR,2003,22.62
South Korea,KOR,2004,23.74
South Korea,KOR,2005,25.37
South Korea,KOR,2006,25.75
South Korea,KOR,2007,27.2
South Korea,KOR,2008,27.56
South Korea,KOR,2009,27.25
South Korea,KOR,2010,29.71
South Korea,KOR,2011,31.01
South Korea,KOR,2012,29.72
South Korea,KOR,2013,31.35
South Korea,KOR,2014,31.53
Spain,ESP,1950,3.92
Spain,ESP,1951,4.64
Spain,ESP,1952,4.89
Spain,ESP,1953,4.73
Spain,ESP,1954,5.37
Spain,ESP,1955,5.69
Spain,ESP,1956,6.14
Spain,ESP,1957,6.31
Spain,ESP,1958,6.47
Spain,ESP,1959,6.39
Spain,ESP,1960,7.16
Spain,ESP,1961,7.96
Spain,ESP,1962,8.66
Spain,ESP,1963,9.4
Spain,ESP,1964,9.8
Spain,ESP,1965,10.25
Spain,ESP,1966,10.89
Spain,ESP,1967,11.32
Spain,ESP,1968,11.98
Spain,ESP,1969,12.94
Spain,ESP,1970,13.28
Spain,ESP,1971,13.81
Spain,ESP,1972,14.79
Spain,ESP,1973,15.46
Spain,ESP,1974,16.16
Spain,ESP,1975,16.56
Spain,ESP,1976,17.68
Spain,ESP,1977,18.51
Spain,ESP,1978,19.87
Spain,ESP,1979,21.03
Spain,ESP,1980,22.44
Spain,ESP,1981,22.25
Spain,ESP,1982,21.96
Spain,ESP,1983,21.96
Spain,ESP,1984,22.64
Spain,ESP,1985,22.72
Spain,ESP,1986,23.84
Spain,ESP,1987,24.61
Spain,ESP,1988,25.64
Spain,ESP,1989,26.67
Spain,ESP,1990,27.16
Spain,ESP,1991,28.01
Spain,ESP,1992,29.29
Spain,ESP,1993,30.75
Spain,ESP,1994,32.25
Spain,ESP,1995,33.34
Spain,ESP,1996,33.97
Spain,ESP,1997,35.05
Spain,ESP,1998,35.62
Spain,ESP,1999,35.44
Spain,ESP,2000,36.17
Spain,ESP,2001,36.2
Spain,ESP,2002,36.8
Spain,ESP,2003,35.78
Spain,ESP,2004,35.93
Spain,ESP,2005,37.4
Spain,ESP,2006,39.02
Spain,ESP,2007,41.37
Spain,ESP,2008,42.13
Spain,ESP,2009,43.87
Spain,ESP,2010,44.22
Spain,ESP,2011,44.96
Spain,ESP,2012,47.54
Spain,ESP,2013,49.55
Spain,ESP,2014,51.1
Sri Lanka,LKA,1970,6.62
Sri Lanka,LKA,1971,6.53
Sri Lanka,LKA,1972,6.44
Sri Lanka,LKA,1973,6.37
Sri Lanka,LKA,1974,6.31
Sri Lanka,LKA,1975,5.9
Sri Lanka,LKA,1976,5.09
Sri Lanka,LKA,1977,4.52
Sri Lanka,LKA,1978,4.38
Sri Lanka,LKA,1979,4.13
Sri Lanka,LKA,1980,4.2
Sri Lanka,LKA,1981,4.48
Sri Lanka,LKA,1982,4.21
Sri Lanka,LKA,1983,4.18
Sri Lanka,LKA,1984,4.18
Sri Lanka,LKA,1985,4.51
Sri Lanka,LKA,1986,4.74
Sri Lanka,LKA,1987,4.88
Sri Lanka,LKA,1988,4.98
Sri Lanka,LKA,1989,5.03
Sri Lanka,LKA,1990,5.53
Sri Lanka,LKA,1991,5.51
Sri Lanka,LKA,1992,6.14
Sri Lanka,LKA,1993,6.19
Sri Lanka,LKA,1994,6.72
Sri Lanka,LKA,1995,6.88
Sri Lanka,LKA,1996,7.03
Sri Lanka,LKA,1997,7.35
Sri Lanka,LKA,1998,7.33
Sri Lanka,LKA,1999,7.27
Sri Lanka,LKA,2000,6.94
Sri Lanka,LKA,2001,6.79
Sri Lanka,LKA,2002,7.19
Sri Lanka,LKA,2003,7.45
Sri Lanka,LKA,2004,7.61
Sri Lanka,LKA,2005,7.58
Sri Lanka,LKA,2006,8.12
Sri Lanka,LKA,2007,8.8
Sri Lanka,LKA,2008,9.75
Sri Lanka,LKA,2009,10.76
Sri Lanka,LKA,2010,11.72
Sri Lanka,LKA,2011,13.12
Sri Lanka,LKA,2012,13.64
Sri Lanka,LKA,2013,14.2
Sri Lanka,LKA,2014,15.44
Sweden,SWE,1950,10.28
Sweden,SWE,1951,10.66
Sweden,SWE,1952,10.77
Sweden,SWE,1953,11.29
Sweden,SWE,1954,11.84
Sweden,SWE,1955,12.25
Sweden,SWE,1956,12.83
Sweden,SWE,1957,12.89
Sweden,SWE,1958,13.22
Sweden,SWE,1959,13.96
Sweden,SWE,1960,14.22
Sweden,SWE,1961,14.99
Sweden,SWE,1962,15.61
Sweden,SWE,1963,16.39
Sweden,SWE,1964,17.64
Sweden,SWE,1965,18.2
Sweden,SWE,1966,18.63
Sweden,SWE,1967,19.88
Sweden,SWE,1968,20.85
Sweden,SWE,1969,21.73
Sweden,SWE,1970,22.78
Sweden,SWE,1971,23.27
Sweden,SWE,1972,24.08
Sweden,SWE,1973,25.11
Sweden,SWE,1974,25.81
Sweden,SWE,1975,26.52
Sweden,SWE,1976,26.28
Sweden,SWE,1977,25.71
Sweden,SWE,1978,26.01
Sweden,SWE,1979,25.85
Sweden,SWE,1980,25.7
Sweden,SWE,1981,26.25
Sweden,SWE,1982,26.34
Sweden,SWE,1983,26.78
Sweden,SWE,1984,27.85
Sweden,SWE,1985,28.02
Sweden,SWE,1986,29.94
Sweden,SWE,1987,30.91
Sweden,SWE,1988,31.46
Sweden,SWE,1989,31.98
Sweden,SWE,1990,32.45
Sweden,SWE,1991,33.03
Sweden,SWE,1992,33.9
Sweden,SWE,1993,34.17
Sweden,SWE,1994,35.86
Sweden,SWE,1995,37.83
Sweden,SWE,1996,39.01
Sweden,SWE,1997,40.65
Sweden,SWE,1998,41.6
Sweden,SWE,1999,42.65
Sweden,SWE,2000,45.31
Sweden,SWE,2001,44.24
Sweden,SWE,2002,45.25
Sweden,SWE,2003,47.13
Sweden,SWE,2004,48.97
Sweden,SWE,2005,48.59
Sweden,SWE,2006,49.44
Sweden,SWE,2007,51.39
Sweden,SWE,2008,52.08
Sweden,SWE,2009,50.03
Sweden,SWE,2010,51.28
Sweden,SWE,2011,53.07
Sweden,SWE,2012,54.29
Sweden,SWE,2013,54.23
Sweden,SWE,2014,54.09
Switzerland,CHE,1950,13.75
Switzerland,CHE,1951,14.63
Switzerland,CHE,1952,14.38
Switzerland,CHE,1953,14.67
Switzerland,CHE,1954,15.31
Switzerland,CHE,1955,16.09
Switzerland,CHE,1956,16.81
Switzerland,CHE,1957,17.11
Switzerland,CHE,1958,16.74
Switzerland,CHE,1959,18.06
Switzerland,CHE,1960,19.08
Switzerland,CHE,1961,19.71
Switzerland,CHE,1962,19.87
Switzerland,CHE,1963,20.45
Switzerland,CHE,1964,21.27
Switzerland,CHE,1965,21.96
Switzerland,CHE,1966,22.56
Switzerland,CHE,1967,23.15
Switzerland,CHE,1968,23.85
Switzerland,CHE,1969,24.78
Switzerland,CHE,1970,25.88
Switzerland,CHE,1971,26.7
Switzerland,CHE,1972,27.56
Switzerland,CHE,1973,28.5
Switzerland,CHE,1974,29.34
Switzerland,CHE,1975,28.04
Switzerland,CHE,1976,28.37
Switzerland,CHE,1977,29.27
Switzerland,CHE,1978,29.78
Switzerland,CHE,1979,30.8
Switzerland,CHE,1980,31.96
Switzerland,CHE,1981,32.09
Switzerland,CHE,1982,31.56
Switzerland,CHE,1983,32.03
Switzerland,CHE,1984,33.15
Switzerland,CHE,1985,33.52
Switzerland,CHE,1986,34.82
Switzerland,CHE,1987,34.95
Switzerland,CHE,1988,34.87
Switzerland,CHE,1989,35.44
Switzerland,CHE,1990,36.43
Switzerland,CHE,1991,35.41
Switzerland,CHE,1992,35.62
Switzerland,CHE,1993,36.61
Switzerland,CHE,1994,37.45
Switzerland,CHE,1995,38.51
Switzerland,CHE,1996,39.62
Switzerland,CHE,1997,41.41
Switzerland,CHE,1998,41.74
Switzerland,CHE,1999,41.64
Switzerland,CHE,2000,42.22
Switzerland,CHE,2001,42.39
Switzerland,CHE,2002,43.28
Switzerland,CHE,2003,43.26
Switzerland,CHE,2004,43.8
Switzerland,CHE,2005,46.35
Switzerland,CHE,2006,48
Switzerland,CHE,2007,51.97
Switzerland,CHE,2008,55.85
Switzerland,CHE,2009,55.22
Switzerland,CHE,2010,56.39
Switzerland,CHE,2011,60.87
Switzerland,CHE,2012,63.6
Switzerland,CHE,2013,65.01
Switzerland,CHE,2014,65.42
Taiwan,TWN,1951,1.74
Taiwan,TWN,1952,1.84
Taiwan,TWN,1953,1.98
Taiwan,TWN,1954,2.1
Taiwan,TWN,1955,2.24
Taiwan,TWN,1956,2.4
Taiwan,TWN,1957,2.56
Taiwan,TWN,1958,2.74
Taiwan,TWN,1959,2.97
Taiwan,TWN,1960,3.23
Taiwan,TWN,1961,3.32
Taiwan,TWN,1962,3.46
Taiwan,TWN,1963,3.69
Taiwan,TWN,1964,4.07
Taiwan,TWN,1965,4.51
Taiwan,TWN,1966,4.78
Taiwan,TWN,1967,5.06
Taiwan,TWN,1968,5.37
Taiwan,TWN,1969,5.55
Taiwan,TWN,1970,5.86
Taiwan,TWN,1971,6.42
Taiwan,TWN,1972,7
Taiwan,TWN,1973,7.35
Taiwan,TWN,1974,7.32
Taiwan,TWN,1975,7.61
Taiwan,TWN,1976,8.57
Taiwan,TWN,1977,9.02
Taiwan,TWN,1978,9.86
Taiwan,TWN,1979,10.33
Taiwan,TWN,1980,10.97
Taiwan,TWN,1981,11.52
Taiwan,TWN,1982,11.91
Taiwan,TWN,1983,12.57
Taiwan,TWN,1984,13.48
Taiwan,TWN,1985,13.47
Taiwan,TWN,1986,14.97
Taiwan,TWN,1987,16.62
Taiwan,TWN,1988,17.6
Taiwan,TWN,1989,18.98
Taiwan,TWN,1990,21.03
Taiwan,TWN,1991,22.09
Taiwan,TWN,1992,23.12
Taiwan,TWN,1993,24.2
Taiwan,TWN,1994,24.94
Taiwan,TWN,1995,26.15
Taiwan,TWN,1996,28.07
Taiwan,TWN,1997,29.82
Taiwan,TWN,1998,30.64
Taiwan,TWN,1999,31.42
Taiwan,TWN,2000,33.24
Taiwan,TWN,2001,33.09
Taiwan,TWN,2002,34.29
Taiwan,TWN,2003,34.59
Taiwan,TWN,2004,35.39
Taiwan,TWN,2005,37.17
Taiwan,TWN,2006,36.91
Taiwan,TWN,2007,37.71
Taiwan,TWN,2008,36.54
Taiwan,TWN,2009,36.06
Taiwan,TWN,2010,38.72
Taiwan,TWN,2011,39.43
Taiwan,TWN,2012,38.84
Taiwan,TWN,2013,39.46
Taiwan,TWN,2014,41.03
Thailand,THA,1970,2.31
Thailand,THA,1971,2.41
Thailand,THA,1972,2.6
Thailand,THA,1973,2.71
Thailand,THA,1974,3.06
Thailand,THA,1975,3.06
Thailand,THA,1976,3.33
Thailand,THA,1977,3.27
Thailand,THA,1978,3.39
Thailand,THA,1979,3.62
Thailand,THA,1980,3.2
Thailand,THA,1981,3.65
Thailand,THA,1982,3.18
Thailand,THA,1983,3.64
Thailand,THA,1984,3.63
Thailand,THA,1985,3.73
Thailand,THA,1986,3.66
Thailand,THA,1987,3.77
Thailand,THA,1988,4
Thailand,THA,1989,4.26
Thailand,THA,1990,4.35
Thailand,THA,1991,4.9
Thailand,THA,1992,5.18
Thailand,THA,1993,5.57
Thailand,THA,1994,6.09
Thailand,THA,1995,6.8
Thailand,THA,1996,7.44
Thailand,THA,1997,6.69
Thailand,THA,1998,5.93
Thailand,THA,1999,5.96
Thailand,THA,2000,6
Thailand,THA,2001,6.04
Thailand,THA,2002,6.16
Thailand,THA,2003,6.66
Thailand,THA,2004,6.93
Thailand,THA,2005,7.52
Thailand,THA,2006,7.88
Thailand,THA,2007,8.35
Thailand,THA,2008,8.73
Thailand,THA,2009,8.37
Thailand,THA,2010,9.45
Thailand,THA,2011,9.99
Thailand,THA,2012,10.8
Thailand,THA,2013,10.39
Thailand,THA,2014,10.46
Trinidad and Tobago,TTO,1991,20.47
Trinidad and Tobago,TTO,1992,19.44
Trinidad and Tobago,TTO,1993,17.94
Trinidad and Tobago,TTO,1994,17.24
Trinidad and Tobago,TTO,1995,16.59
Trinidad and Tobago,TTO,1996,15.6
Trinidad and Tobago,TTO,1997,15.26
Trinidad and Tobago,TTO,1998,14.38
Trinidad and Tobago,TTO,1999,16.41
Trinidad and Tobago,TTO,2000,19.12
Trinidad and Tobago,TTO,2001,17.71
Trinidad and Tobago,TTO,2002,18.15
Trinidad and Tobago,TTO,2003,23.05
Trinidad and Tobago,TTO,2004,24.2
Trinidad and Tobago,TTO,2005,29.59
Trinidad and Tobago,TTO,2006,33.99
Trinidad and Tobago,TTO,2007,37.58
Trinidad and Tobago,TTO,2008,43.84
Trinidad and Tobago,TTO,2009,30.7
Trinidad and Tobago,TTO,2010,34.29
Trinidad and Tobago,TTO,2011,38.64
Trinidad and Tobago,TTO,2012,39.7
Trinidad and Tobago,TTO,2013,38.71
Trinidad and Tobago,TTO,2014,39.12
Turkey,TUR,1950,2.68
Turkey,TUR,1951,3.31
Turkey,TUR,1952,3.7
Turkey,TUR,1953,4.14
Turkey,TUR,1954,3.78
Turkey,TUR,1955,4.13
Turkey,TUR,1956,4.38
Turkey,TUR,1957,5.29
Turkey,TUR,1958,5.79
Turkey,TUR,1959,5.64
Turkey,TUR,1960,5.45
Turkey,TUR,1961,5.51
Turkey,TUR,1962,5.9
Turkey,TUR,1963,6.4
Turkey,TUR,1964,6.56
Turkey,TUR,1965,6.68
Turkey,TUR,1966,7.65
Turkey,TUR,1967,7.88
Turkey,TUR,1968,8.45
Turkey,TUR,1969,8.88
Turkey,TUR,1970,9.32
Turkey,TUR,1971,9.49
Turkey,TUR,1972,10.09
Turkey,TUR,1973,10.52
Turkey,TUR,1974,11.64
Turkey,TUR,1975,12.48
Turkey,TUR,1976,13.75
Turkey,TUR,1977,13.24
Turkey,TUR,1978,12.63
Turkey,TUR,1979,12.41
Turkey,TUR,1980,12.08
Turkey,TUR,1981,13.42
Turkey,TUR,1982,13.35
Turkey,TUR,1983,13.94
Turkey,TUR,1984,15.08
Turkey,TUR,1985,15.45
Turkey,TUR,1986,16.3
Turkey,TUR,1987,18
Turkey,TUR,1988,18.15
Turkey,TUR,1989,17.25
Turkey,TUR,1990,18.28
Turkey,TUR,1991,17.04
Turkey,TUR,1992,17.43
Turkey,TUR,1993,19.9
Turkey,TUR,1994,17.67
Turkey,TUR,1995,18.54
Turkey,TUR,1996,20.12
Turkey,TUR,1997,21.21
Turkey,TUR,1998,20.12
Turkey,TUR,1999,18.61
Turkey,TUR,2000,21.08
Turkey,TUR,2001,20.3
Turkey,TUR,2002,20.24
Turkey,TUR,2003,19.46
Turkey,TUR,2004,21.95
Turkey,TUR,2005,23.46
Turkey,TUR,2006,25.38
Turkey,TUR,2007,27.29
Turkey,TUR,2008,28.89
Turkey,TUR,2009,28.43
Turkey,TUR,2010,29.77
Turkey,TUR,2011,31.41
Turkey,TUR,2012,32.35
Turkey,TUR,2013,32.95
Turkey,TUR,2014,33.78
United Kingdom,GBR,1950,9.86
United Kingdom,GBR,1951,9.98
United Kingdom,GBR,1952,9.9
United Kingdom,GBR,1953,10.27
United Kingdom,GBR,1954,10.48
United Kingdom,GBR,1955,10.66
United Kingdom,GBR,1956,10.82
United Kingdom,GBR,1957,11.08
United Kingdom,GBR,1958,11.37
United Kingdom,GBR,1959,11.59
United Kingdom,GBR,1960,11.93
United Kingdom,GBR,1961,12.29
United Kingdom,GBR,1962,12.49
United Kingdom,GBR,1963,12.87
United Kingdom,GBR,1964,13.48
United Kingdom,GBR,1965,13.88
United Kingdom,GBR,1966,14.36
United Kingdom,GBR,1967,15
United Kingdom,GBR,1968,15.77
United Kingdom,GBR,1969,16.11
United Kingdom,GBR,1970,16.88
United Kingdom,GBR,1971,17.51
United Kingdom,GBR,1972,18.17
United Kingdom,GBR,1973,19.08
United Kingdom,GBR,1974,18.84
United Kingdom,GBR,1975,18.9
United Kingdom,GBR,1976,20.07
United Kingdom,GBR,1977,21.12
United Kingdom,GBR,1978,22.56
United Kingdom,GBR,1979,24.07
United Kingdom,GBR,1980,24.81
United Kingdom,GBR,1981,25.39
United Kingdom,GBR,1982,26.08
United Kingdom,GBR,1983,26.67
United Kingdom,GBR,1984,26.47
United Kingdom,GBR,1985,26.62
United Kingdom,GBR,1986,27.36
United Kingdom,GBR,1987,28.27
United Kingdom,GBR,1988,28.5
United Kingdom,GBR,1989,28.68
United Kingdom,GBR,1990,29.53
United Kingdom,GBR,1991,30.21
United Kingdom,GBR,1992,31.74
United Kingdom,GBR,1993,33.29
United Kingdom,GBR,1994,33.91
United Kingdom,GBR,1995,35.11
United Kingdom,GBR,1996,36.68
United Kingdom,GBR,1997,39.05
United Kingdom,GBR,1998,39.54
United Kingdom,GBR,1999,40.75
United Kingdom,GBR,2000,43.61
United Kingdom,GBR,2001,44.45
United Kingdom,GBR,2002,44.71
United Kingdom,GBR,2003,44.67
United Kingdom,GBR,2004,45.89
United Kingdom,GBR,2005,47.36
United Kingdom,GBR,2006,47.64
United Kingdom,GBR,2007,47.12
United Kingdom,GBR,2008,47.65
United Kingdom,GBR,2009,45.69
United Kingdom,GBR,2010,45.12
United Kingdom,GBR,2011,45.49
United Kingdom,GBR,2012,46.14
United Kingdom,GBR,2013,48.28
United Kingdom,GBR,2014,48.07
United States,USA,1950,18.24
United States,USA,1951,18.55
United States,USA,1952,18.99
United States,USA,1953,19.64
United States,USA,1954,20.17
United States,USA,1955,21.01
United States,USA,1956,21.14
United States,USA,1957,21.79
United States,USA,1958,22.35
United States,USA,1959,23.15
United States,USA,1960,23.62
United States,USA,1961,24.4
United States,USA,1962,25.23
United States,USA,1963,26.15
United States,USA,1964,27.03
United States,USA,1965,27.83
United States,USA,1966,28.63
United States,USA,1967,29
United States,USA,1968,29.82
United States,USA,1969,30.04
United States,USA,1970,30.62
United States,USA,1971,31.9
United States,USA,1972,32.8
United States,USA,1973,33.78
United States,USA,1974,33.36
United States,USA,1975,34.18
United States,USA,1976,35.14
United States,USA,1977,35.58
United States,USA,1978,36
United States,USA,1979,36.27
United States,USA,1980,36.25
United States,USA,1981,37.13
United States,USA,1982,36.78
United States,USA,1983,37.77
United States,USA,1984,38.68
United States,USA,1985,39.19
United States,USA,1986,39.98
United States,USA,1987,40.25
United States,USA,1988,40.66
United States,USA,1989,40.94
United States,USA,1990,41.59
United States,USA,1991,42.18
United States,USA,1992,43.87
United States,USA,1993,44.24
United States,USA,1994,44.8
United States,USA,1995,45.02
United States,USA,1996,46.25
United States,USA,1997,46.99
United States,USA,1998,48.04
United States,USA,1999,49.25
United States,USA,2000,50.62
United States,USA,2001,51.62
United States,USA,2002,53
United States,USA,2003,54.73
United States,USA,2004,56.24
United States,USA,2005,57.3
United States,USA,2006,57.84
United States,USA,2007,58.49
United States,USA,2008,58.9
United States,USA,2009,60.43
United States,USA,2010,62.08
United States,USA,2011,62.16
United States,USA,2012,62.58
United States,USA,2013,62.94
United States,USA,2014,63.36
Uruguay,URY,1990,10.64
Uruguay,URY,1991,11.3
Uruguay,URY,1992,12.54
Uruguay,URY,1993,12.89
Uruguay,URY,1994,13.62
Uruguay,URY,1995,13.35
Uruguay,URY,1996,14.55
Uruguay,URY,1997,14.75
Uruguay,URY,1998,15.98
Uruguay,URY,1999,15.46
Uruguay,URY,2000,15.19
Uruguay,URY,2001,14.56
Uruguay,URY,2002,14.23
Uruguay,URY,2003,14.1
Uruguay,URY,2004,14.11
Uruguay,URY,2005,14.46
Uruguay,URY,2006,15.13
Uruguay,URY,2007,15.87
Uruguay,URY,2008,17.28
Uruguay,URY,2009,18.54
Uruguay,URY,2010,20.96
Uruguay,URY,2011,21.57
Uruguay,URY,2012,23.08
Uruguay,URY,2013,24.58
Uruguay,URY,2014,25.63
Venezuela,VEN,1950,8.09
Venezuela,VEN,1951,8.72
Venezuela,VEN,1952,9.73
Venezuela,VEN,1953,9.77
Venezuela,VEN,1954,10.54
Venezuela,VEN,1955,10.9
Venezuela,VEN,1956,11.47
Venezuela,VEN,1957,12.25
Venezuela,VEN,1958,12.59
Venezuela,VEN,1959,12.87
Venezuela,VEN,1960,11.74
Venezuela,VEN,1961,11.83
Venezuela,VEN,1962,12.41
Venezuela,VEN,1963,13.01
Venezuela,VEN,1964,14.14
Venezuela,VEN,1965,14.28
Venezuela,VEN,1966,14.03
Venezuela,VEN,1967,14.2
Venezuela,VEN,1968,15.49
Venezuela,VEN,1969,16.04
Venezuela,VEN,1970,17.7
Venezuela,VEN,1971,16.53
Venezuela,VEN,1972,16.46
Venezuela,VEN,1973,17.63
Venezuela,VEN,1974,21.29
Venezuela,VEN,1975,19.65
Venezuela,VEN,1976,19.62
Venezuela,VEN,1977,19.32
Venezuela,VEN,1978,18.31
Venezuela,VEN,1979,18.78
Venezuela,VEN,1980,17.65
Venezuela,VEN,1981,17.04
Venezuela,VEN,1982,15.86
Venezuela,VEN,1983,15.94
Venezuela,VEN,1984,16.28
Venezuela,VEN,1985,14.83
Venezuela,VEN,1986,13.2
Venezuela,VEN,1987,12.85
Venezuela,VEN,1988,12.64
Venezuela,VEN,1989,11.85
Venezuela,VEN,1990,12.51
Venezuela,VEN,1991,13.05
Venezuela,VEN,1992,13.05
Venezuela,VEN,1993,11.93
Venezuela,VEN,1994,11.21
Venezuela,VEN,1995,11.75
Venezuela,VEN,1996,11.56
Venezuela,VEN,1997,11.45
Venezuela,VEN,1998,10.23
Venezuela,VEN,1999,10.55
Venezuela,VEN,2000,12.4
Venezuela,VEN,2001,11.72
Venezuela,VEN,2002,11.3
Venezuela,VEN,2003,10.91
Venezuela,VEN,2004,13.23
Venezuela,VEN,2005,15.78
Venezuela,VEN,2006,17.59
Venezuela,VEN,2007,19.2
Venezuela,VEN,2008,21.66
Venezuela,VEN,2009,18.97
Venezuela,VEN,2010,22.61
Venezuela,VEN,2011,23.99
Venezuela,VEN,2012,24.52
Venezuela,VEN,2013,22.51
Venezuela,VEN,2014,20.54
Vietnam,VNM,1970,0.92
Vietnam,VNM,1971,0.91
Vietnam,VNM,1972,1.01
Vietnam,VNM,1973,0.96
Vietnam,VNM,1974,0.99
Vietnam,VNM,1975,0.89
Vietnam,VNM,1976,0.95
Vietnam,VNM,1977,1.07
Vietnam,VNM,1978,1.07
Vietnam,VNM,1979,1.13
Vietnam,VNM,1980,1.14
Vietnam,VNM,1981,1.15
Vietnam,VNM,1982,1.1
Vietnam,VNM,1983,1.11
Vietnam,VNM,1984,1.14
Vietnam,VNM,1985,1.06
Vietnam,VNM,1986,1.04
Vietnam,VNM,1987,1.04
Vietnam,VNM,1988,1.07
Vietnam,VNM,1989,1.04
Vietnam,VNM,1990,1.03
Vietnam,VNM,1991,1.14
Vietnam,VNM,1992,1.19
Vietnam,VNM,1993,1.31
Vietnam,VNM,1994,1.35
Vietnam,VNM,1995,1.38
Vietnam,VNM,1996,1.56
Vietnam,VNM,1997,1.69
Vietnam,VNM,1998,1.77
Vietnam,VNM,1999,1.7
Vietnam,VNM,2000,1.86
Vietnam,VNM,2001,1.98
Vietnam,VNM,2002,2.17
Vietnam,VNM,2003,2.33
Vietnam,VNM,2004,2.49
Vietnam,VNM,2005,2.7
Vietnam,VNM,2006,2.81
Vietnam,VNM,2007,3.03
Vietnam,VNM,2008,3.09
Vietnam,VNM,2009,3.06
Vietnam,VNM,2010,3.39
Vietnam,VNM,2011,3.67
Vietnam,VNM,2012,3.75
Vietnam,VNM,2013,3.93
Vietnam,VNM,2014,4.15