#,Name,Type1,Type2,Total,HP,Attack,Defense,Sp. Atk,Sp. Def,Speed,Generation,Legendary,Types Strong Against,Weak Against
1,Bulbasaur,Grass,Poison,318,45,49,49,65,65,45,1,STARTER,"Ground, Rock, Water, Fairy, Grass","Fire, Flying, Ice, Psychic"
2,Ivysaur,Grass,Poison,405,60,62,63,80,80,60,1,STARTER,"Ground, Rock, Water, Fairy, Grass","Fire, Flying, Ice, Psychic"
3,Venusaur,Grass,Poison,525,80,82,83,100,100,80,1,STARTER,"Ground, Rock, Water, Fairy, Grass","Fire, Flying, Ice, Psychic"
4,Charmander,Fire,,309,39,52,43,60,50,65,1,STARTER,"Bug, Grass, Ice, Steel","Ground, Rock, Water"
5,Charmeleon,Fire,,405,58,64,58,80,65,80,1,STARTER,"Bug, Grass, Ice, Steel","Ground, Rock, Water"
6,Charizard,Fire,Flying,534,78,84,78,109,85,100,1,STARTER,"Bug, Grass, Ice, Steel, Bug, Fight, Grass","Water, Electric, Rock"
7,Squirtle,Water,,314,44,48,65,50,64,43,1,STARTER,"Fire, Ground, Rock","Electric, Grass"
8,Wartortle,Water,,405,59,63,80,65,80,58,1,STARTER,"Fire, Ground, Rock","Electric, Grass"
9,Blastoise,Water,,530,79,83,100,85,105,78,1,STARTER,"Fire, Ground, Rock","Electric, Grass"
10,Caterpie,Bug,,195,45,30,35,20,20,45,1,NORMAL,"Dark, Grass, Psychic","Fire, Flying, Rock"
11,Metapod,Bug,,205,50,20,55,25,25,30,1,NORMAL,"Dark, Grass, Psychic","Fire, Flying, Rock"
12,Butterfree,Bug,Flying,395,60,45,50,90,80,70,1,NORMAL,"Dark, Grass, Psychic, Bug, Fight","Fire, Flying, Rock, Electric, Ice, Rock"
13,Weedle,Bug,Poison,195,40,35,30,20,20,50,1,NORMAL,"Dark, Grass, Psychic, Fairy","Fire, Flying, Rock, Psychic"
14,Kakuna,Bug,Poison,205,45,25,50,25,25,35,1,NORMAL,"Dark, Grass, Psychic, Fairy","Fire, Flying, Rock, Psychic"
15,Beedrill,Bug,Poison,395,65,90,40,45,80,75,1,NORMAL,"Dark, Grass, Psychic, Fairy","Fire, Flying, Rock, Psychic"
16,Pidgey,Normal,Flying,251,40,45,40,35,35,56,1,NORMAL,"Bug, Fight, Grass","Electric, Ice, Rock"
17,Pidgeotto,Normal,Flying,349,63,60,55,50,50,71,1,NORMAL,"Bug, Fight, Grass","Electric, Ice, Rock"
18,Pidgeot,Normal,Flying,479,83,80,75,70,70,101,1,NORMAL,"Bug, Fight, Grass","Electric, Ice, Rock"
19,Rattata,Normal,,253,30,56,35,25,35,72,1,NORMAL,None,Fight
20,Raticate,Normal,,413,55,81,60,50,70,97,1,NORMAL,None,Fight
21,Spearow,Normal,Flying,262,40,60,30,31,31,70,1,NORMAL,"Bug, Fight, Grass","Electric, Ice, Rock"
22,Fearow,Normal,Flying,442,65,90,65,61,61,100,1,NORMAL,"Bug, Fight, Grass","Electric, Ice, Rock"
23,Ekans,Poison,,288,35,60,44,40,54,55,1,NORMAL,"Fairy, Grass","Ground, Psychic"
24,Arbok,Poison,,438,60,85,69,65,79,80,1,NORMAL,"Fairy, Grass","Ground, Psychic"
25,Pikachu,Electric,,320,35,55,40,50,50,90,1,NORMAL,"Flying, Water",Ground
26,Raichu,Electric,,485,60,90,55,90,80,110,1,NORMAL,"Flying, Water",Ground
27,Sandshrew,Ground,,300,50,75,85,20,30,40,1,NORMAL,"Electric, Fire, Poison, Rock, Steel","Grass, Ice, Water"
28,Sandslash,Ground,,450,75,100,110,45,55,65,1,NORMAL,"Electric, Fire, Poison, Rock, Steel","Grass, Ice, Water"
29,Nidoran?â‚¬,Poison,,275,55,47,52,40,40,41,1,NORMAL,"Fairy, Grass","Ground, Psychic"
30,Nidorina,Poison,,365,70,62,67,55,55,56,1,NORMAL,"Fairy, Grass","Ground, Psychic"
31,Nidoqueen,Poison,Ground,505,90,92,87,75,85,76,1,NORMAL,"Fairy, Grass, Electric, Fire, Poison, Rock, Steel","Ground, Psychic, Ice, Water"
32,Nidoran,Poison,,273,57,40,40,40,50,41,1,NORMAL,"Fairy, Grass","Ground, Psychic"
33,Nidorino,Poison,,365,61,72,57,55,55,65,1,NORMAL,"Fairy, Grass","Ground, Psychic"
34,Nidoking,Poison,Ground,505,81,102,77,85,75,85,1,NORMAL,"Fairy, Grass, Electric, Fire, Poison, Rock, Steel","Ground, Psychic, Ice, Water"
35,Clefairy,Fairy,,323,70,45,48,60,65,35,1,NORMAL,"Dark, Dragon, Fight","Poison, Steel"
36,Clefable,Fairy,,483,95,70,73,95,90,60,1,NORMAL,"Dark, Dragon, Fight","Poison, Steel"
37,Vulpix,Fire,,299,38,41,40,50,65,65,1,NORMAL,"Bug, Grass, Ice, Steel","Ground, Rock, Water"
38,Ninetales,Fire,,505,73,76,75,81,100,100,1,NORMAL,"Bug, Grass, Ice, Steel","Ground, Rock, Water"
39,Jigglypuff,Normal,Fairy,270,115,45,20,45,25,20,1,NORMAL,"Dark, Dragon, Fight","Poison, Steel"
40,Wigglytuff,Normal,Fairy,435,140,70,45,85,50,45,1,NORMAL,"Dark, Dragon, Fight","Poison, Steel"
41,Zubat,Poison,Flying,245,40,45,35,30,40,55,1,NORMAL,"Fairy, Grass, Bug, Fight","Psychic, Electric, Ice, Rock"
42,Golbat,Poison,Flying,455,75,80,70,65,75,90,1,NORMAL,"Fairy, Grass, Bug, Fight","Psychic, Electric, Ice, Rock"
43,Oddish,Grass,Poison,320,45,50,55,75,65,30,1,NORMAL,"Ground, Rock, Water, Fairy, Grass","Fire, Flying, Ice, Psychic"
44,Gloom,Grass,Poison,395,60,65,70,85,75,40,1,NORMAL,"Ground, Rock, Water, Fairy, Grass","Fire, Flying, Ice, Psychic"
45,Vileplume,Grass,Poison,490,75,80,85,110,90,50,1,NORMAL,"Ground, Rock, Water, Fairy, Grass","Fire, Flying, Ice, Psychic"
46,Paras,Bug,Grass,285,35,70,55,45,55,25,1,NORMAL,"Dark, Grass, Psychic, Ground, Rock, Water","Fire, Flying, Rock, Bug, Ice, Poison"
47,Parasect,Bug,Grass,405,60,95,80,60,80,30,1,NORMAL,"Dark, Grass, Psychic, Ground, Rock, Water","Fire, Flying, Rock, Bug, Ice, Poison"
48,Venonat,Bug,Poison,305,60,55,50,40,55,45,1,NORMAL,"Dark, Grass, Psychic, Fairy","Fire, Flying, Rock, Psychic"
49,Venomoth,Bug,Poison,450,70,65,60,90,75,90,1,NORMAL,"Dark, Grass, Psychic, Fairy","Fire, Flying, Rock, Psychic"
50,Diglett,Ground,,265,10,55,25,35,45,95,1,NORMAL,"Electric, Fire, Poison, Rock, Steel","Grass, Ice, Water"
51,Dugtrio,Ground,,405,35,80,50,50,70,120,1,NORMAL,"Electric, Fire, Poison, Rock, Steel","Grass, Ice, Water"
52,Meowth,Normal,,290,40,45,35,40,40,90,1,NORMAL,None,Fight
53,Persian,Normal,,440,65,70,60,65,65,115,1,NORMAL,None,Fight
54,Psyduck,Water,,320,50,52,48,65,50,55,1,NORMAL,"Fire, Ground, Rock","Electric, Grass"
55,Golduck,Water,,500,80,82,78,95,80,85,1,NORMAL,"Fire, Ground, Rock","Electric, Grass"
56,Mankey,Fight,,305,40,80,35,35,45,70,1,NORMAL,"Dark, Ice, Normal, Rock, Steel","Fairy, Flying, Psychic"
57,Primeape,Fight,,455,65,105,60,60,70,95,1,NORMAL,"Dark, Ice, Normal, Rock, Steel","Fairy, Flying, Psychic"
58,Growlithe,Fire,,350,55,70,45,70,50,60,1,NORMAL,"Bug, Grass, Ice, Steel","Ground, Rock, Water"
59,Arcanine,Fire,,555,90,110,80,100,80,95,1,NORMAL,"Bug, Grass, Ice, Steel","Ground, Rock, Water"
60,Poliwag,Water,,300,40,50,40,40,40,90,1,NORMAL,"Fire, Ground, Rock","Electric, Grass"
61,Poliwhirl,Water,,385,65,65,65,50,50,90,1,NORMAL,"Fire, Ground, Rock","Electric, Grass"
62,Poliwrath,Water,Fight,510,90,95,95,70,90,70,1,NORMAL,"Fire, Ground, Rock, Dark, Ice, Normal, Steel","Electric, Grass, Fairy, Flying, Psychic"
63,Abra,Psychic,,310,25,20,15,105,55,90,1,NORMAL,"Fight, Poison","Bug, Dark, Ghost"
64,Kadabra,Psychic,,400,40,35,30,120,70,105,1,NORMAL,"Fight, Poison","Bug, Dark, Ghost"
65,Alakazam,Psychic,,500,55,50,45,135,95,120,1,NORMAL,"Fight, Poison","Bug, Dark, Ghost"
66,Machop,Fight,,305,70,80,50,35,35,35,1,NORMAL,"Dark, Ice, Normal, Rock, Steel","Fairy, Flying, Psychic"
67,Machoke,Fight,,405,80,100,70,50,60,45,1,NORMAL,"Dark, Ice, Normal, Rock, Steel","Fairy, Flying, Psychic"
68,Machamp,Fight,,505,90,130,80,65,85,55,1,NORMAL,"Dark, Ice, Normal, Rock, Steel","Fairy, Flying, Psychic"
69,Bellsprout,Grass,Poison,300,50,75,35,70,30,40,1,NORMAL,"Ground, Rock, Water, Fairy, Grass","Fire, Flying, Ice, Psychic"
70,Weepinbell,Grass,Poison,390,65,90,50,85,45,55,1,NORMAL,"Ground, Rock, Water, Fairy, Grass","Fire, Flying, Ice, Psychic"
71,Victreebel,Grass,Poison,490,80,105,65,100,70,70,1,NORMAL,"Ground, Rock, Water, Fairy, Grass","Fire, Flying, Ice, Psychic"
72,Tentacool,Water,Poison,335,40,40,35,50,100,70,1,NORMAL,"Fire, Ground, Rock, Fairy, Grass","Electric, Ground, Psychic"
73,Tentacruel,Water,Poison,515,80,70,65,80,120,100,1,NORMAL,"Fire, Ground, Rock, Fairy, Grass","Electric, Ground, Psychic"
74,Geodude,Rock,Ground,300,40,80,100,30,30,20,1,NORMAL,"Bug, Fire, Flying, Ice, Electric, Poison, Rock, Steel","Fight, Grass, Ground, Steel, Ice, Water"
75,Graveler,Rock,Ground,390,55,95,115,45,45,35,1,NORMAL,"Bug, Fire, Flying, Ice, Electric, Poison, Rock, Steel","Fight, Grass, Ground, Steel, Ice, Water"
76,Golem,Rock,Ground,495,80,120,130,55,65,45,1,NORMAL,"Bug, Fire, Flying, Ice, Electric, Poison, Rock, Steel","Fight, Grass, Ground, Steel, Ice, Water"
77,Ponyta,Fire,,410,50,85,55,65,65,90,1,NORMAL,"Bug, Grass, Ice, Steel","Ground, Rock, Water"
78,Rapidash,Fire,,500,65,100,70,80,80,105,1,NORMAL,"Bug, Grass, Ice, Steel","Ground, Rock, Water"
79,Slowpoke,Water,Psychic,315,90,65,65,40,40,15,1,NORMAL,"Fire, Ground, Rock, Fight, Poison","Electric, Grass, Bug, Dark, Ghost"
80,Slowbro,Water,Psychic,490,95,75,110,100,80,30,1,NORMAL,"Fire, Ground, Rock, Fight, Poison","Electric, Grass, Bug, Dark, Ghost"
81,Magnemite,Electric,Steel,325,25,35,70,95,55,45,1,NORMAL,"Flying, Water, Fairy, Ice, Rock","Ground, Fight, Fire"
82,Magneton,Electric,Steel,465,50,60,95,120,70,70,1,NORMAL,"Flying, Water, Fairy, Ice, Rock","Ground, Fight, Fire"
83,Farfetch'd,Normal,Flying,352,52,65,55,58,62,60,1,NORMAL,"Bug, Fight, Grass","Electric, Ice, Rock"
84,Doduo,Normal,Flying,310,35,85,45,35,35,75,1,NORMAL,"Bug, Fight, Grass","Electric, Ice, Rock"
85,Dodrio,Normal,Flying,460,60,110,70,60,60,100,1,NORMAL,"Bug, Fight, Grass","Electric, Ice, Rock"
86,Seel,Water,,325,65,45,55,45,70,45,1,NORMAL,"Fire, Ground, Rock","Electric, Grass"
87,Dewgong,Water,Ice,475,90,70,80,70,95,70,1,NORMAL,"Fire, Ground, Rock, Dragon, Flying, Grass","Electric, Grass, Fight, Rock"
88,Grimer,Poison,,325,80,80,50,40,50,25,1,NORMAL,"Fairy, Grass","Ground, Psychic"
89,Muk,Poison,,500,105,105,75,65,100,50,1,NORMAL,"Fairy, Grass","Ground, Psychic"
90,Shellder,Water,,305,30,65,100,45,25,40,1,NORMAL,"Fire, Ground, Rock","Electric, Grass"
91,Cloyster,Water,Ice,525,50,95,180,85,45,70,1,NORMAL,"Fire, Ground, Rock, Dragon, Flying, Grass","Electric, Grass, Fight, Rock"
92,Gastly,Ghost,Poison,310,30,35,30,100,35,80,1,NORMAL,"Ghost, Psychic, Fairy, Grass","Dark, Ghost, Ground, Psychic"
93,Haunter,Ghost,Poison,405,45,50,45,115,55,95,1,NORMAL,"Ghost, Psychic, Fairy, Grass","Dark, Ghost, Ground, Psychic"
94,Gengar,Ghost,Poison,500,60,65,60,130,75,110,1,NORMAL,"Ghost, Psychic, Fairy, Grass","Dark, Ghost, Ground, Psychic"
95,Onix,Rock,Ground,385,35,45,160,30,45,70,1,NORMAL,"Bug, Fire, Flying, Ice, Electric, Poison, Rock, Steel","Fight, Grass, Ground, Steel, Ice, Water"
96,Drowzee,Psychic,,328,60,48,45,43,90,42,1,NORMAL,"Fight, Poison","Bug, Dark, Ghost"
97,Hypno,Psychic,,483,85,73,70,73,115,67,1,NORMAL,"Fight, Poison","Bug, Dark, Ghost"
98,Krabby,Water,,325,30,105,90,25,25,50,1,NORMAL,"Fire, Ground, Rock","Electric, Grass"
99,Kingler,Water,,475,55,130,115,50,50,75,1,NORMAL,"Fire, Ground, Rock","Electric, Grass"
100,Voltorb,Electric,,330,40,30,50,55,55,100,1,NORMAL,"Flying, Water",Ground
101,Electrode,Electric,,480,60,50,70,80,80,140,1,NORMAL,"Flying, Water",Ground
102,Exeggcute,Grass,Psychic,325,60,40,80,60,45,40,1,NORMAL,"Ground, Rock, Water, Fight, Poison","Bug, Fire, Flying, Ice, Poison, Dark, Ghost"
103,Exeggutor,Grass,Psychic,520,95,95,85,125,65,55,1,NORMAL,"Ground, Rock, Water, Fight, Poison","Bug, Fire, Flying, Ice, Poison, Dark, Ghost"
104,Cubone,Ground,,320,50,50,95,40,50,35,1,NORMAL,"Electric, Fire, Poison, Rock, Steel","Grass, Ice, Water"
105,Marowak,Ground,,425,60,80,110,50,80,45,1,NORMAL,"Electric, Fire, Poison, Rock, Steel","Grass, Ice, Water"
106,Hitmonlee,Fight,,455,50,120,53,35,110,87,1,NORMAL,"Dark, Ice, Normal, Rock, Steel","Fairy, Flying, Psychic"
107,Hitmonchan,Fight,,455,50,105,79,35,110,76,1,NORMAL,"Dark, Ice, Normal, Rock, Steel","Fairy, Flying, Psychic"
108,Lickitung,Normal,,385,90,55,75,60,75,30,1,NORMAL,None,Fight
109,Koffing,Poison,,340,40,65,95,60,45,35,1,NORMAL,"Fairy, Grass","Ground, Psychic"
110,Weezing,Poison,,490,65,90,120,85,70,60,1,NORMAL,"Fairy, Grass","Ground, Psychic"
111,Rhyhorn,Ground,Rock,345,80,85,95,30,30,25,1,NORMAL,"Electric, Fire, Poison, Rock, Steel, Bug, Flying, Ice","Grass, Ice, Water, Fight, Ground, Steel"
112,Rhydon,Ground,Rock,485,105,130,120,45,45,40,1,NORMAL,"Electric, Fire, Poison, Rock, Steel, Bug, Flying, Ice","Grass, Ice, Water, Fight, Ground, Steel"
113,Chansey,Normal,,450,250,5,5,35,105,50,1,NORMAL,None,Fight
114,Tangela,Grass,,435,65,55,115,100,40,60,1,NORMAL,"Ground, Rock, Water","Bug, Fire, Flying, Ice, Poison"
115,Kangaskhan,Normal,,490,105,95,80,40,80,90,1,NORMAL,None,Fight
116,Horsea,Water,,295,30,40,70,70,25,60,1,NORMAL,"Fire, Ground, Rock","Electric, Grass"
117,Seadra,Water,,440,55,65,95,95,45,85,1,NORMAL,"Fire, Ground, Rock","Electric, Grass"
118,Goldeen,Water,,320,45,67,60,35,50,63,1,NORMAL,"Fire, Ground, Rock","Electric, Grass"
119,Seaking,Water,,450,80,92,65,65,80,68,1,NORMAL,"Fire, Ground, Rock","Electric, Grass"
120,Staryu,Water,,340,30,45,55,70,55,85,1,NORMAL,"Fire, Ground, Rock","Electric, Grass"
121,Starmie,Water,Psychic,520,60,75,85,100,85,115,1,NORMAL,"Fire, Ground, Rock, Fight, Poison","Electric, Grass, Bug, Dark, Ghost"
122,Mr. Mime,Psychic,Fairy,460,40,45,65,100,120,90,1,NORMAL,"Fight, Poison, Dark, Dragon, Fight","Ghost, Poison, Steel"
123,Scyther,Bug,Flying,500,70,110,80,55,80,105,1,NORMAL,"Dark, Grass, Psychic, Bug, Fight","Fire, Flying, Rock, Electric, Ice, Rock"
124,Jynx,Ice,Psychic,455,65,50,35,115,95,95,1,NORMAL,"Dragon, Flying, Grass, Ground, Fight, Poison","Fighting, Fire, Rock, Steel, Bug, Dark, Ghost"
125,Electabuzz,Electric,,490,65,83,57,95,85,105,1,NORMAL,"Flying, Water",Ground
126,Magmar,Fire,,495,65,95,57,100,85,93,1,NORMAL,"Bug, Grass, Ice, Steel","Ground, Rock, Water"
127,Pinsir,Bug,,500,65,125,100,55,70,85,1,NORMAL,"Dark, Grass, Psychic","Fire, Flying, Rock"
128,Tauros,Normal,,490,75,100,95,40,70,110,1,NORMAL,None,Fight
129,Magikarp,Water,,200,20,10,55,15,20,80,1,NORMAL,"Fire, Ground, Rock","Electric, Grass"
130,Gyarados,Water,Flying,540,95,125,79,60,100,81,1,NORMAL,"Fire, Ground, Rock, Bug, Fight, Grass","Electric, Rock"
131,Lapras,Water,Ice,535,130,85,80,85,95,60,1,NORMAL,"Fire, Ground, Rock, Dragon, Flying, Grass","Electric, Grass, Fight, Rock"
132,Ditto,Normal,,288,48,48,48,48,48,48,1,NORMAL,None,Fight
133,Eevee,Normal,,325,55,55,50,45,65,55,1,NORMAL,None,Fight
134,Vaporeon,Water,,525,130,65,60,110,95,65,1,NORMAL,"Fire, Ground, Rock","Electric, Grass"
135,Jolteon,Electric,,525,65,65,60,110,95,130,1,NORMAL,"Flying, Water",Ground
136,Flareon,Fire,,525,65,130,60,95,110,65,1,NORMAL,"Bug, Grass, Ice, Steel","Ground, Rock, Water"
137,Porygon,Normal,,395,65,60,70,85,75,40,1,NORMAL,None,Fight
138,Omanyte,Rock,Water,355,35,40,100,90,55,35,1,NORMAL,"Bug, Fire, Flying, Ice, Ground, Rock","Fight, Water, Electric, Grass"
139,Omastar,Rock,Water,495,70,60,125,115,70,55,1,NORMAL,"Bug, Fire, Flying, Ice, Ground, Rock","Fight, Water, Electric, Grass"
140,Kabuto,Rock,Water,355,30,80,90,55,45,55,1,NORMAL,"Bug, Fire, Flying, Ice, Ground, Rock","Fight, Water, Electric, Grass"
141,Kabutops,Rock,Water,495,60,115,105,65,70,80,1,NORMAL,"Bug, Fire, Flying, Ice, Ground, Rock","Fight, Water, Electric, Grass"
142,Aerodactyl,Rock,Flying,515,80,105,65,60,75,130,1,NORMAL,"Bug, Fire, Flying, Ice, Fight, Grass","Steel, Water, Electric, Ice, Rock"
143,Snorlax,Normal,,540,160,110,65,65,110,30,1,NORMAL,None,Fight
144,Articuno,Ice,Flying,580,90,85,100,95,125,85,1,LEGENDARY,"Dragon, Flying, Grass, Ground, Bug, Fighting, Grass","Fighting, Fire, Rock, Steel, Electric, Ice, Rock"
145,Zapdos,Electric,Flying,580,90,90,85,125,90,100,1,LEGENDARY,"Flying, Water, Bug, Fight, Grass","Ice, Rock"
146,Moltres,Fire,Flying,580,90,100,90,125,85,90,1,LEGENDARY,"Bug, Grass, Ice, Steel, Bug, Fight, Grass","Water, Electric, Rock"
147,Dratini,Dragon,,300,41,64,45,50,50,50,1,NORMAL,Dragon,"Dragon, Fairy, Ice"
148,Dragonair,Dragon,,420,61,84,65,70,70,70,1,NORMAL,Dragon,"Dragon, Fairy, Ice"
149,Dragonite,Dragon,Flying,600,91,134,95,100,100,80,1,NORMAL,"Dragon, Bug, Fight, Grass","Dragon, Fairy, Ice, Rock"
150,Mewtwo,Psychic,,680,106,110,90,154,90,130,1,LEGENDARY,"Fight, Poison","Bug, Dark, Ghost"
151,Mew,Psychic,,600,100,100,100,100,100,100,1,LEGENDARY,"Fight, Poison","Bug, Dark, Ghost"
152,Chikorita,Grass,,318,45,49,65,49,65,45,2,STARTER,"Ground, Rock, Water","Bug, Fire, Flying, Ice, Poison"
153,Bayleef,Grass,,405,60,62,80,63,80,60,2,STARTER,"Ground, Rock, Water","Bug, Fire, Flying, Ice, Poison"
154,Meganium,Grass,,525,80,82,100,83,100,80,2,STARTER,"Ground, Rock, Water","Bug, Fire, Flying, Ice, Poison"
155,Cyndaquil,Fire,,309,39,52,43,60,50,65,2,STARTER,"Bug, Grass, Ice, Steel","Ground, Rock, Water"
156,Quilava,Fire,,405,58,64,58,80,65,80,2,STARTER,"Bug, Grass, Ice, Steel","Ground, Rock, Water"
157,Typhlosion,Fire,,534,78,84,78,109,85,100,2,STARTER,"Bug, Grass, Ice, Steel","Ground, Rock, Water"
158,Totodile,Water,,314,50,65,64,44,48,43,2,STARTER,"Fire, Ground, Rock","Electric, Grass"
159,Croconaw,Water,,405,65,80,80,59,63,58,2,STARTER,"Fire, Ground, Rock","Electric, Grass"
160,Feraligatr,Water,,530,85,105,100,79,83,78,2,STARTER,"Fire, Ground, Rock","Electric, Grass"
161,Sentret,Normal,,215,35,46,34,35,45,20,2,NORMAL,None,Fight
162,Furret,Normal,,415,85,76,64,45,55,90,2,NORMAL,None,Fight
163,Hoothoot,Normal,Flying,262,60,30,30,36,56,50,2,NORMAL,"Bug, Fight, Grass","Electric, Ice, Rock"
164,Noctowl,Normal,Flying,442,100,50,50,76,96,70,2,NORMAL,"Bug, Fight, Grass","Electric, Ice, Rock"
165,Ledyba,Bug,Flying,265,40,20,30,40,80,55,2,NORMAL,"Dark, Grass, Psychic, Bug, Fight","Fire, Flying, Rock, Electric, Ice, Rock"
166,Ledian,Bug,Flying,390,55,35,50,55,110,85,2,NORMAL,"Dark, Grass, Psychic, Bug, Fight","Fire, Flying, Rock, Electric, Ice, Rock"
167,Spinarak,Bug,Poison,250,40,60,40,40,40,30,2,NORMAL,"Dark, Grass, Psychic, Fairy","Fire, Flying, Rock, Psychic"
168,Ariados,Bug,Poison,390,70,90,70,60,60,40,2,NORMAL,"Dark, Grass, Psychic, Fairy","Fire, Flying, Rock, Psychic"
169,Crobat,Poison,Flying,535,85,90,80,70,80,130,2,NORMAL,"Fairy, Grass, Bug, Fight","Psychic, Electric, Ice, Rock"
170,Chinchou,Water,Electric,330,75,38,38,56,56,67,2,NORMAL,"Fire, Ground, Rock, Flying, Water","Grass, Ground"
171,Lanturn,Water,Electric,460,125,58,58,76,76,67,2,NORMAL,"Fire, Ground, Rock, Flying, Water","Grass, Ground"
172,Pichu,Electric,,205,20,40,15,35,35,60,2,NORMAL,"Flying, Water",Ground
173,Cleffa,Fairy,,218,50,25,28,45,55,15,2,NORMAL,"Dark, Dragon, Fight","Poison, Steel"
174,Igglybuff,Normal,Fairy,210,90,30,15,40,20,15,2,NORMAL,"Dark, Dragon, Fight","Poison, Steel"
175,Togepi,Fairy,,245,35,20,65,40,65,20,2,NORMAL,"Dark, Dragon, Fight","Poison, Steel"
176,Togetic,Fairy,Flying,405,55,40,85,80,105,40,2,NORMAL,"Dark, Dragon, Fight, Bug, Grass","Poison, Steel, Electric, Ice, Rock"
177,Natu,Psychic,Flying,320,40,50,45,70,45,70,2,NORMAL,"Fight, Poison, Bug, Fight, Grass","Dark, Ghost, Electric, Ice, Rock"
178,Xatu,Psychic,Flying,470,65,75,70,95,70,95,2,NORMAL,"Fight, Poison, Bug, Fight, Grass","Dark, Ghost, Electric, Ice, Rock"
179,Mareep,Electric,,280,55,40,40,65,45,35,2,NORMAL,"Flying, Water",Ground
180,Flaaffy,Electric,,365,70,55,55,80,60,45,2,NORMAL,"Flying, Water",Ground
181,Ampharos,Electric,,510,90,75,85,115,90,55,2,NORMAL,"Flying, Water",Ground
182,Bellossom,Grass,,490,75,80,95,90,100,50,2,NORMAL,"Ground, Rock, Water","Bug, Fire, Flying, Ice, Poison"
183,Marill,Water,Fairy,250,70,20,50,20,50,40,2,NORMAL,"Fire, Ground, Rock, Dark, Dragon, Fight","Electric, Grass, Poison"
184,Azumarill,Water,Fairy,420,100,50,80,60,80,50,2,NORMAL,"Fire, Ground, Rock, Dark, Dragon, Fight","Electric, Grass, Poison"
185,Sudowoodo,Rock,,410,70,100,115,30,65,30,2,NORMAL,"Bug, Fire, Flying, Ice","Fight, Grass, Ground, Steel, Water"
186,Politoed,Water,,500,90,75,75,90,100,70,2,NORMAL,"Fire, Ground, Rock","Electric, Grass"
187,Hoppip,Grass,Flying,250,35,35,40,35,55,50,2,NORMAL,"Ground, Rock, Water, Bug, Fighting, Grass","Fire, Flying, Ice, Poison, Rock"
188,Skiploom,Grass,Flying,340,55,45,50,45,65,80,2,NORMAL,"Ground, Rock, Water, Bug, Fighting, Grass","Fire, Flying, Ice, Poison, Rock"
189,Jumpluff,Grass,Flying,460,75,55,70,55,95,110,2,NORMAL,"Ground, Rock, Water, Bug, Fighting, Grass","Fire, Flying, Ice, Poison, Rock"
190,Aipom,Normal,,360,55,70,55,40,55,85,2,NORMAL,None,Fight
191,Sunkern,Grass,,180,30,30,30,30,30,30,2,NORMAL,"Ground, Rock, Water","Bug, Fire, Flying, Ice, Poison"
192,Sunflora,Grass,,425,75,75,55,105,85,30,2,NORMAL,"Ground, Rock, Water","Bug, Fire, Flying, Ice, Poison"
193,Yanma,Bug,Flying,390,65,65,45,75,45,95,2,NORMAL,"Dark, Grass, Psychic, Bug, Fight","Fire, Flying, Rock, Electric, Ice, Rock"
194,Wooper,Water,Ground,210,55,45,45,25,25,15,2,NORMAL,"Fire, Ground, Rock, Electric, Poison, Steel",Grass
195,Quagsire,Water,Ground,430,95,85,85,65,65,35,2,NORMAL,"Fire, Ground, Rock, Electric, Poison, Steel",Grass
196,Espeon,Psychic,,525,65,65,60,130,95,110,2,NORMAL,"Fight, Poison","Bug, Dark, Ghost"
197,Umbreon,Dark,,525,95,65,110,60,130,65,2,NORMAL,"Ghost, Psychic","Bug, Fairy, Fight"
198,Murkrow,Dark,Flying,405,60,85,42,85,42,91,2,NORMAL,"Ghost, Psychic, Bug, Fight, Grass","Fairy, Electric, Ice, Rock"
199,Slowking,Water,Psychic,490,95,75,80,100,110,30,2,NORMAL,"Fire, Ground, Rock, Fight, Poison","Electric, Grass, Bug, Dark, Ghost"
200,Misdreavus,Ghost,,435,60,60,60,85,85,85,2,NORMAL,"Ghost, Psychic","Dark, Ghost"
201,Unown,Psychic,,336,48,72,48,72,48,48,2,NORMAL,"Fight, Poison","Bug, Dark, Ghost"
202,Wobbuffet,Psychic,,405,190,33,58,33,58,33,2,NORMAL,"Fight, Poison","Bug, Dark, Ghost"
203,Girafarig,Normal,Psychic,455,70,80,65,90,65,85,2,NORMAL,"Fight, Poison","Bug, Dark"
204,Pineco,Bug,,290,50,65,90,35,35,15,2,NORMAL,"Dark, Grass, Psychic","Fire, Flying, Rock"
205,Forretress,Bug,Steel,465,75,90,140,60,60,40,2,NORMAL,"Dark, Grass, Psychic, Fairy, Ice, Rock",Fire
206,Dunsparce,Normal,,415,100,70,70,65,65,45,2,NORMAL,None,Fight
207,Gligar,Ground,Flying,430,65,75,105,35,65,85,2,NORMAL,"Electric, Fire, Poison, Rock, Steel, Bug, Fight, Grass","Ice, Water"
208,Steelix,Steel,Ground,510,75,85,200,55,65,30,2,NORMAL,"Fairy, Ice, Rock, Electric, Fire, Poison, Rock, Steel","Fight, Fire, Ground, Water"
209,Snubbull,Fairy,,300,60,80,50,40,40,30,2,NORMAL,"Dark, Dragon, Fight","Poison, Steel"
210,Granbull,Fairy,,450,90,120,75,60,60,45,2,NORMAL,"Dark, Dragon, Fight","Poison, Steel"
211,Qwilfish,Water,Poison,430,65,95,75,55,55,85,2,NORMAL,"Fire, Ground, Rock, Fairy, Grass","Electric, Ground, Psychic"
212,Scizor,Bug,Steel,500,70,130,100,55,80,65,2,NORMAL,"Dark, Grass, Psychic, Fairy, Ice, Rock",Fire
213,Shuckle,Bug,Rock,505,20,10,230,10,230,5,2,NORMAL,"Dark, Grass, Psychic, Bug, Fire, Flying, Ice","Rock, Steel, Water"
214,Heracross,Bug,Fight,500,80,125,75,40,95,85,2,NORMAL,"Dark, Grass, Psychic, Dark, Ice, Normal, Rock, Steel","Rock, Fairy, Flying, Psychic"
215,Sneasel,Dark,Ice,430,55,95,55,35,75,115,2,NORMAL,"Ghost, Psychic, Dragon, Flying, Grass, Ground","Bug, Fairy, Fight, Fire, Rock, Steel"
216,Teddiursa,Normal,,330,60,80,50,50,50,40,2,NORMAL,None,Fight
217,Ursaring,Normal,,500,90,130,75,75,75,55,2,NORMAL,None,Fight
218,Slugma,Fire,,250,40,40,40,70,40,20,2,NORMAL,"Bug, Grass, Ice, Steel","Ground, Rock, Water"
219,Magcargo,Fire,Rock,410,50,50,120,80,80,30,2,NORMAL,"Bug, Grass, Ice, Steel, Bug, Fire, Flying, Ice","Ground, Rock, Water, Fight"
220,Swinub,Ice,Ground,250,50,50,40,30,30,50,2,NORMAL,"Dragon, Flying, Grass, Ground, Electric, Fire, Poison, Rock, Steel","Fighting, Fire, Rock, Steel, Grass, Ice, Water"
221,Piloswine,Ice,Ground,450,100,100,80,60,60,50,2,NORMAL,"Dragon, Flying, Grass, Ground, Electric, Fire, Poison, Rock, Steel","Fighting, Fire, Rock, Steel, Grass, Ice, Water"
222,Corsola,Water,Rock,380,55,55,85,65,85,35,2,NORMAL,"Fire, Ground, Rock, Bug, Fire, Flying, Ice","Electric, Grass, Fight, Ground"
223,Remoraid,Water,,300,35,65,35,65,35,65,2,NORMAL,"Fire, Ground, Rock","Electric, Grass"
224,Octillery,Water,,480,75,105,75,105,75,45,2,NORMAL,"Fire, Ground, Rock","Electric, Grass"
225,Delibird,Ice,Flying,330,45,55,45,65,45,75,2,NORMAL,"Dragon, Flying, Grass, Ground, Bug, Fighting, Grass","Fighting, Fire, Rock, Steel, Electric, Ice, Rock"
226,Mantine,Water,Flying,465,65,40,70,80,140,70,2,NORMAL,"Fire, Ground, Rock, Bug, Fight, Grass","Electric, Rock"
227,Skarmory,Steel,Flying,465,65,80,140,40,70,70,2,NORMAL,"Fairy, Ice, Rock, Bug, Fight, Grass","Fire, Electric"
228,Houndour,Dark,Fire,330,45,60,30,80,50,65,2,NORMAL,"Ghost, Psychic, Bug, Grass, Ice, Steel","Fight, Ground, Rock, Water"
229,Houndoom,Dark,Fire,500,75,90,50,110,80,95,2,NORMAL,"Ghost, Psychic, Bug, Grass, Ice, Steel","Fight, Ground, Rock, Water"
230,Kingdra,Water,Dragon,540,75,95,95,95,95,85,2,NORMAL,"Fire, Ground, Rock, Dragon","Dragon, Fairy"
231,Phanpy,Ground,,330,90,60,60,40,40,40,2,NORMAL,"Electric, Fire, Poison, Rock, Steel","Grass, Ice, Water"
232,Donphan,Ground,,500,90,120,120,60,60,50,2,NORMAL,"Electric, Fire, Poison, Rock, Steel","Grass, Ice, Water"
233,Porygon2,Normal,,515,85,80,90,105,95,60,2,NORMAL,None,Fight
234,Stantler,Normal,,465,73,95,62,85,65,85,2,NORMAL,None,Fight
235,Smeargle,Normal,,250,55,20,35,20,45,75,2,NORMAL,None,Fight
236,Tyrogue,Fight,,210,35,35,35,35,35,35,2,NORMAL,"Dark, Ice, Normal, Rock, Steel","Fairy, Flying, Psychic"
237,Hitmontop,Fight,,455,50,95,95,35,110,70,2,NORMAL,"Dark, Ice, Normal, Rock, Steel","Fairy, Flying, Psychic"
238,Smoochum,Ice,Psychic,305,45,30,15,85,65,65,2,NORMAL,"Dragon, Flying, Grass, Ground, Fight, Poison","Fighting, Fire, Rock, Steel, Bug, Dark, Ghost"
239,Elekid,Electric,,360,45,63,37,65,55,95,2,NORMAL,"Flying, Water",Ground
240,Magby,Fire,,365,45,75,37,70,55,83,2,NORMAL,"Bug, Grass, Ice, Steel","Ground, Rock, Water"
241,Miltank,Normal,,490,95,80,105,40,70,100,2,NORMAL,None,Fight
242,Blissey,Normal,,540,255,10,10,75,135,55,2,NORMAL,None,Fight
243,Raikou,Electric,,580,90,85,75,115,100,115,2,LEGENDARY,"Flying, Water",Ground
244,Entei,Fire,,580,115,115,85,90,75,100,2,LEGENDARY,"Bug, Grass, Ice, Steel","Ground, Rock, Water"
245,Suicune,Water,,580,100,75,115,90,115,85,2,LEGENDARY,"Fire, Ground, Rock","Electric, Grass"
246,Larvitar,Rock,Ground,300,50,64,50,45,50,41,2,NORMAL,"Bug, Fire, Flying, Ice, Electric, Poison, Rock, Steel","Fight, Grass, Ground, Steel, Ice, Water"
247,Pupitar,Rock,Ground,410,70,84,70,65,70,51,2,NORMAL,"Bug, Fire, Flying, Ice, Electric, Poison, Rock, Steel","Fight, Grass, Ground, Steel, Ice, Water"
248,Tyranitar,Rock,Dark,600,100,134,110,95,100,61,2,NORMAL,"Bug, Fire, Flying, Ice, Ghost, Psychic","Fight, Grass, Ground, Steel, Water, Bug, Fairy"
249,Lugia,Psychic,Flying,680,106,90,130,90,154,110,2,LEGENDARY,"Fight, Poison, Bug, Fight, Grass","Dark, Ghost, Electric, Ice, Rock"
250,Ho-oh,Fire,Flying,680,106,130,90,110,154,90,2,LEGENDARY,"Bug, Grass, Ice, Steel, Bug, Fight, Grass","Water, Electric, Rock"
251,Celebi,Psychic,Grass,600,100,100,100,100,100,100,2,LEGENDARY,"Fight, Poison, Ground, Rock, Water","Bug, Dark, Ghost, Fire, Flying, Ice, Poison"
252,Treecko,Grass,,310,40,45,35,65,55,70,3,STARTER,"Ground, Rock, Water","Bug, Fire, Flying, Ice, Poison"
253,Grovyle,Grass,,405,50,65,45,85,65,95,3,STARTER,"Ground, Rock, Water","Bug, Fire, Flying, Ice, Poison"
254,Sceptile,Grass,,530,70,85,65,105,85,120,3,STARTER,"Ground, Rock, Water","Bug, Fire, Flying, Ice, Poison"
255,Torchic,Fire,,310,45,60,40,70,50,45,3,STARTER,"Bug, Grass, Ice, Steel","Ground, Rock, Water"
256,Combusken,Fire,Fight,405,60,85,60,85,60,55,3,STARTER,"Bug, Grass, Ice, Steel, Dark, Ice, Normal, Rock","Ground, Water, Flying, Psychic"
257,Blaziken,Fire,Fight,530,80,120,70,110,70,80,3,STARTER,"Bug, Grass, Ice, Steel, Dark, Ice, Normal, Rock, Steel","Ground, Water, Flying, Psychic"
258,Mudkip,Water,,310,50,70,50,50,50,40,3,STARTER,"Fire, Ground, Rock","Electric, Grass"
259,Marshtomp,Water,Ground,405,70,85,70,60,70,50,3,STARTER,"Fire, Ground, Rock, Electric, Poison, Steel",Grass
260,Swampert,Water,Ground,535,100,110,90,85,90,60,3,STARTER,"Fire, Ground, Rock, Electric, Poison, Steel",Grass
261,Poochyena,Dark,,220,35,55,35,30,30,35,3,NORMAL,"Ghost, Psychic","Bug, Fairy, Fight"
262,Mightyena,Dark,,420,70,90,70,60,60,70,3,NORMAL,"Ghost, Psychic","Bug, Fairy, Fight"
263,Zigzagoon,Normal,,240,38,30,41,30,41,60,3,NORMAL,None,Fight
264,Linoone,Normal,,420,78,70,61,50,61,100,3,NORMAL,None,Fight
265,Wurmple,Bug,,195,45,45,35,20,30,20,3,NORMAL,"Dark, Grass, Psychic","Fire, Flying, Rock"
266,Silcoon,Bug,,205,50,35,55,25,25,15,3,NORMAL,"Dark, Grass, Psychic","Fire, Flying, Rock"
267,Beautifly,Bug,Flying,395,60,70,50,100,50,65,3,NORMAL,"Dark, Grass, Psychic, Bug, Fight","Fire, Flying, Rock, Electric, Ice, Rock"
268,Cascoon,Bug,,205,50,35,55,25,25,15,3,NORMAL,"Dark, Grass, Psychic","Fire, Flying, Rock"
269,Dustox,Bug,Poison,385,60,50,70,50,90,65,3,NORMAL,"Dark, Grass, Psychic, Fairy","Fire, Flying, Rock, Psychic"
270,Lotad,Water,Grass,220,40,30,30,40,50,30,3,NORMAL,"Fire, Ground, Rock, Water","Bug, Flying, Poison"
271,Lombre,Water,Grass,340,60,50,50,60,70,50,3,NORMAL,"Fire, Ground, Rock, Water","Bug, Flying, Poison"
272,Ludicolo,Water,Grass,480,80,70,70,90,100,70,3,NORMAL,"Fire, Ground, Rock, Water","Bug, Flying, Poison"
273,Seedot,Grass,,220,40,40,50,30,30,30,3,NORMAL,"Ground, Rock, Water","Bug, Fire, Flying, Ice, Poison"
274,Nuzleaf,Grass,Dark,340,70,70,40,60,40,60,3,NORMAL,"Ground, Rock, Water, Ghost, Psychic","Bug, Fire, Flying, Ice, Poison, Fairy, Fight"
275,Shiftry,Grass,Dark,480,90,100,60,90,60,80,3,NORMAL,"Ground, Rock, Water, Ghost, Psychic","Bug, Fire, Flying, Ice, Poison, Fairy, Fight"
276,Taillow,Normal,Flying,270,40,55,30,30,30,85,3,NORMAL,"Bug, Fight, Grass","Electric, Ice, Rock"
277,Swellow,Normal,Flying,430,60,85,60,50,50,125,3,NORMAL,"Bug, Fight, Grass","Electric, Ice, Rock"
278,Wingull,Water,Flying,270,40,30,30,55,30,85,3,NORMAL,"Fire, Ground, Rock, Bug, Fight, Grass","Electric, Rock"
279,Pelipper,Water,Flying,430,60,50,100,85,70,65,3,NORMAL,"Fire, Ground, Rock, Bug, Fight, Grass","Electric, Rock"
280,Ralts,Psychic,Fairy,198,28,25,25,45,35,40,3,NORMAL,"Fight, Poison, Dark, Dragon, Fight","Ghost, Poison, Steel"
281,Kirlia,Psychic,Fairy,278,38,35,35,65,55,50,3,NORMAL,"Fight, Poison, Dark, Dragon, Fight","Ghost, Poison, Steel"
282,Gardevoir,Psychic,Fairy,518,68,65,65,125,115,80,3,NORMAL,"Fight, Poison, Dark, Dragon, Fight","Ghost, Poison, Steel"
283,Surskit,Bug,Water,269,40,30,32,50,52,65,3,NORMAL,"Dark, Grass, Psychic, Fire, Ground, Rock","Fire, Flying, Rock, Electric, Grass"
284,Masquerain,Bug,Flying,414,70,60,62,80,82,60,3,NORMAL,"Dark, Grass, Psychic, Bug, Fight","Fire, Flying, Rock, Electric, Ice, Rock"
285,Shroomish,Grass,,295,60,40,60,40,60,35,3,NORMAL,"Ground, Rock, Water","Bug, Fire, Flying, Ice, Poison"
286,Breloom,Grass,Fight,460,60,130,80,60,60,70,3,NORMAL,"Ground, Rock, Water, Dark, Ice, Normal, Rock, Steel","Bug, Fire, Flying, Ice, Poison, Fairy, Psychic"
287,Slakoth,Normal,,280,60,60,60,35,35,30,3,NORMAL,None,Fight
288,Vigoroth,Normal,,440,80,80,80,55,55,90,3,NORMAL,None,Fight
289,Slaking,Normal,,670,150,160,100,95,65,100,3,NORMAL,None,Fight
290,Nincada,Bug,Ground,266,31,45,90,30,30,40,3,NORMAL,"Dark, Grass, Psychic, Electric, Fire, Poison, Rock, Steel","Fire, Flying, Rock, Grass, Ice, Water"
291,Ninjask,Bug,Flying,456,61,90,45,50,50,160,3,NORMAL,"Dark, Grass, Psychic, Bug, Fight","Fire, Flying, Rock, Electric, Ice, Rock"
292,Shedinja,Bug,Ghost,236,1,90,45,30,30,40,3,NORMAL,"Dark, Grass, Psychic, Ghost, Psychic","Fire, Flying, Rock, Dark, Ghost"
293,Whismur,Normal,,240,64,51,23,51,23,28,3,NORMAL,None,Fight
294,Loudred,Normal,,360,84,71,43,71,43,48,3,NORMAL,None,Fight
295,Exploud,Normal,,490,104,91,63,91,73,68,3,NORMAL,None,Fight
296,Makuhita,Fight,,237,72,60,30,20,30,25,3,NORMAL,"Dark, Ice, Normal, Rock, Steel","Fairy, Flying, Psychic"
297,Hariyama,Fight,,474,144,120,60,40,60,50,3,NORMAL,"Dark, Ice, Normal, Rock, Steel","Fairy, Flying, Psychic"
298,Azurill,Normal,Fairy,190,50,20,40,20,40,20,3,NORMAL,"Dark, Dragon, Fight","Poison, Steel"
299,Nosepass,Rock,,375,30,45,135,45,90,30,3,NORMAL,"Bug, Fire, Flying, Ice","Fight, Grass, Ground, Steel, Water"
300,Skitty,Normal,,260,50,45,45,35,35,50,3,NORMAL,None,Fight
301,Delcatty,Normal,,380,70,65,65,55,55,70,3,NORMAL,None,Fight
302,Sableye,Dark,Ghost,380,50,75,75,65,65,50,3,NORMAL,"Ghost, Psychic",Fairy
303,Mawile,Steel,Fairy,380,50,85,85,55,55,50,3,NORMAL,"Fairy, Ice, Rock, Dark, Dragon, Fight","Ground, Fire"
304,Aron,Steel,Rock,330,50,70,100,40,40,30,3,NORMAL,"Fairy, Ice, Rock, Bug, Fire, Flying","Fight, Ground, Water"
305,Lairon,Steel,Rock,430,60,90,140,50,50,40,3,NORMAL,"Fairy, Ice, Rock, Bug, Fire, Flying","Fight, Ground, Water"
306,Aggron,Steel,Rock,530,70,110,180,60,60,50,3,NORMAL,"Fairy, Ice, Rock, Bug, Fire, Flying","Fight, Ground, Water"
307,Meditite,Fight,Psychic,280,30,40,55,40,55,60,3,NORMAL,"Dark, Ice, Normal, Rock, Steel, Fight, Poison","Fairy, Flying, Ghost"
308,Medicham,Fight,Psychic,410,60,60,75,60,75,80,3,NORMAL,"Dark, Ice, Normal, Rock, Steel, Fight, Poison","Fairy, Flying, Ghost"
309,Electrike,Electric,,295,40,45,40,65,40,65,3,NORMAL,"Flying, Water",Ground
310,Manectric,Electric,,475,70,75,60,105,60,105,3,NORMAL,"Flying, Water",Ground
311,Plusle,Electric,,405,60,50,40,85,75,95,3,NORMAL,"Flying, Water",Ground
312,Minun,Electric,,405,60,40,50,75,85,95,3,NORMAL,"Flying, Water",Ground
313,Volbeat,Bug,,400,65,73,55,47,75,85,3,NORMAL,"Dark, Grass, Psychic","Fire, Flying, Rock"
314,Illumise,Bug,,400,65,47,55,73,75,85,3,NORMAL,"Dark, Grass, Psychic","Fire, Flying, Rock"
315,Roselia,Grass,Poison,400,50,60,45,100,80,65,3,NORMAL,"Ground, Rock, Water, Fairy, Grass","Fire, Flying, Ice, Psychic"
316,Gulpin,Poison,,302,70,43,53,43,53,40,3,NORMAL,"Fairy, Grass","Ground, Psychic"
317,Swalot,Poison,,467,100,73,83,73,83,55,3,NORMAL,"Fairy, Grass","Ground, Psychic"
318,Carvanha,Water,Dark,305,45,90,20,65,20,65,3,NORMAL,"Fire, Ground, Rock, Ghost, Psychic","Electric, Grass, Bug, Fairy, Fight"
319,Sharpedo,Water,Dark,460,70,120,40,95,40,95,3,NORMAL,"Fire, Ground, Rock, Ghost, Psychic","Electric, Grass, Bug, Fairy, Fight"
320,Wailmer,Water,,400,130,70,35,70,35,60,3,NORMAL,"Fire, Ground, Rock","Electric, Grass"
321,Wailord,Water,,500,170,90,45,90,45,60,3,NORMAL,"Fire, Ground, Rock","Electric, Grass"
322,Numel,Fire,Ground,305,60,60,40,65,45,35,3,NORMAL,"Bug, Grass, Ice, Steel, Electric, Fire, Poison, Rock, Steel","Ground, Water"
323,Camerupt,Fire,Ground,460,70,100,70,105,75,40,3,NORMAL,"Bug, Grass, Ice, Steel, Electric, Fire, Poison, Rock, Steel","Ground, Water"
324,Torkoal,Fire,,470,70,85,140,85,70,20,3,NORMAL,"Bug, Grass, Ice, Steel","Ground, Rock, Water"
325,Spoink,Psychic,,330,60,25,35,70,80,60,3,NORMAL,"Fight, Poison","Bug, Dark, Ghost"
326,Grumpig,Psychic,,470,80,45,65,90,110,80,3,NORMAL,"Fight, Poison","Bug, Dark, Ghost"
327,Spinda,Normal,,360,60,60,60,60,60,60,3,NORMAL,None,Fight
328,Trapinch,Ground,,290,45,100,45,45,45,10,3,NORMAL,"Electric, Fire, Poison, Rock, Steel","Grass, Ice, Water"
329,Vibrava,Ground,Dragon,340,50,70,50,50,50,70,3,NORMAL,"Electric, Fire, Poison, Rock, Steel, Dragon","Dragon, Fairy, Ice"
330,Flygon,Ground,Dragon,520,80,100,80,80,80,100,3,NORMAL,"Electric, Fire, Poison, Rock, Steel, Dragon","Dragon, Fairy, Ice"
331,Cacnea,Grass,,335,50,85,40,85,40,35,3,NORMAL,"Ground, Rock, Water","Bug, Fire, Flying, Ice, Poison"
332,Cacturne,Grass,Dark,475,70,115,60,115,60,55,3,NORMAL,"Ground, Rock, Water, Ghost, Psychic","Bug, Fire, Flying, Ice, Poison, Fairy, Fight"
333,Swablu,Normal,Flying,310,45,40,60,40,75,50,3,NORMAL,"Bug, Fight, Grass","Electric, Ice, Rock"
334,Altaria,Dragon,Flying,490,75,70,90,70,105,80,3,NORMAL,"Dragon, Bug, Fight, Grass","Dragon, Fairy, Ice, Rock"
335,Zangoose,Normal,,458,73,115,60,60,60,90,3,NORMAL,None,Fight
336,Seviper,Poison,,458,73,100,60,100,60,65,3,NORMAL,"Fairy, Grass","Ground, Psychic"
337,Lunatone,Rock,Psychic,440,70,55,65,95,85,70,3,NORMAL,"Bug, Fire, Flying, Ice, Fight, Poison","Grass, Steel, Water, Bug, Dark, Ghost"
338,Solrock,Rock,Psychic,440,70,95,85,55,65,70,3,NORMAL,"Bug, Fire, Flying, Ice, Fight, Poison","Grass, Steel, Water, Bug, Dark, Ghost"
339,Barboach,Water,Ground,288,50,48,43,46,41,60,3,NORMAL,"Fire, Ground, Rock, Electric, Poison, Steel",Grass
340,Whiscash,Water,Ground,468,110,78,73,76,71,60,3,NORMAL,"Fire, Ground, Rock, Electric, Poison, Steel",Grass
341,Corphish,Water,,308,43,80,65,50,35,35,3,NORMAL,"Fire, Ground, Rock","Electric, Grass"
342,Crawdaunt,Water,Dark,468,63,120,85,90,55,55,3,NORMAL,"Fire, Ground, Rock, Ghost, Psychic","Electric, Grass, Bug, Fairy, Fight"
343,Baltoy,Ground,Psychic,300,40,40,55,40,70,55,3,NORMAL,"Electric, Fire, Poison, Rock, Steel, Fight","Grass, Ice, Water, Bug, Dark, Ghost"
344,Claydol,Ground,Psychic,500,60,70,105,70,120,75,3,NORMAL,"Electric, Fire, Poison, Rock, Steel, Fight","Grass, Ice, Water, Bug, Dark, Ghost"
345,Lileep,Rock,Grass,355,66,41,77,61,87,23,3,NORMAL,"Bug, Fire, Flying, Ice, Ground, Rock, Water","Fight, Steel, Bug, Ice"
346,Cradily,Rock,Grass,495,86,81,97,81,107,43,3,NORMAL,"Bug, Fire, Flying, Ice, Ground, Rock, Water","Fight, Steel, Bug, Ice"
347,Anorith,Rock,Bug,355,45,95,50,40,50,75,3,NORMAL,"Bug, Fire, Flying, Ice, Dark, Grass, Psychic","Rock, Steel, Water"
348,Armaldo,Rock,Bug,495,75,125,100,70,80,45,3,NORMAL,"Bug, Fire, Flying, Ice, Dark, Grass, Psychic","Rock, Steel, Water"
349,Feebas,Water,,200,20,15,20,10,55,80,3,NORMAL,"Fire, Ground, Rock","Electric, Grass"
350,Milotic,Water,,540,95,60,79,100,125,81,3,NORMAL,"Fire, Ground, Rock","Electric, Grass"
351,Castform,Normal,,420,70,70,70,70,70,70,3,NORMAL,None,Fight
352,Kecleon,Normal,,440,60,90,70,60,120,40,3,NORMAL,None,Fight
353,Shuppet,Ghost,,295,44,75,35,63,33,45,3,NORMAL,"Ghost, Psychic","Dark, Ghost"
354,Banette,Ghost,,455,64,115,65,83,63,65,3,NORMAL,"Ghost, Psychic","Dark, Ghost"
355,Duskull,Ghost,,295,20,40,90,30,90,25,3,NORMAL,"Ghost, Psychic","Dark, Ghost"
356,Dusclops,Ghost,,455,40,70,130,60,130,25,3,NORMAL,"Ghost, Psychic","Dark, Ghost"
357,Tropius,Grass,Flying,460,99,68,83,72,87,51,3,NORMAL,"Ground, Rock, Water, Bug, Fighting, Grass","Fire, Flying, Ice, Poison, Rock"
358,Chimecho,Psychic,,425,65,50,70,95,80,65,3,NORMAL,"Fight, Poison","Bug, Dark, Ghost"
359,Absol,Dark,,465,65,130,60,75,60,75,3,NORMAL,"Ghost, Psychic","Bug, Fairy, Fight"
360,Wynaut,Psychic,,260,95,23,48,23,48,23,3,NORMAL,"Fight, Poison","Bug, Dark, Ghost"
361,Snorunt,Ice,,300,50,50,50,50,50,50,3,NORMAL,"Dragon, Flying, Grass, Ground","Fighting, Fire, Rock, Steel"
362,Glalie,Ice,,480,80,80,80,80,80,80,3,NORMAL,"Dragon, Flying, Grass, Ground","Fighting, Fire, Rock, Steel"
363,Spheal,Ice,Water,290,70,40,50,55,50,25,3,NORMAL,"Dragon, Flying, Grass, Ground, Fire, Ground, Rock","Fighting, Fire, Rock, Steel, Electric, Grass"
364,Sealeo,Ice,Water,410,90,60,70,75,70,45,3,NORMAL,"Dragon, Flying, Grass, Ground, Fire, Ground, Rock","Fighting, Fire, Rock, Steel, Electric, Grass"
365,Walrein,Ice,Water,530,110,80,90,95,90,65,3,NORMAL,"Dragon, Flying, Grass, Ground, Fire, Ground, Rock","Fighting, Fire, Rock, Steel, Electric, Grass"
366,Clamperl,Water,,345,35,64,85,74,55,32,3,NORMAL,"Fire, Ground, Rock","Electric, Grass"
367,Huntail,Water,,485,55,104,105,94,75,52,3,NORMAL,"Fire, Ground, Rock","Electric, Grass"
368,Gorebyss,Water,,485,55,84,105,114,75,52,3,NORMAL,"Fire, Ground, Rock","Electric, Grass"
369,Relicanth,Water,Rock,485,100,90,130,45,65,55,3,NORMAL,"Fire, Ground, Rock, Bug, Fire, Flying, Ice","Electric, Grass, Fight, Ground"
370,Luvdisc,Water,,330,43,30,55,40,65,97,3,NORMAL,"Fire, Ground, Rock","Electric, Grass"
371,Bagon,Dragon,,300,45,75,60,40,30,50,3,NORMAL,Dragon,"Dragon, Fairy, Ice"
372,Shelgon,Dragon,,420,65,95,100,60,50,50,3,NORMAL,Dragon,"Dragon, Fairy, Ice"
373,Salamence,Dragon,Flying,600,95,135,80,110,80,100,3,NORMAL,"Dragon, Bug, Fight, Grass","Dragon, Fairy, Ice, Rock"
374,Beldum,Steel,Psychic,300,40,55,80,35,60,30,3,NORMAL,"Fairy, Ice, Rock, Fight, Poison","Fire, Ground, Dark, Ghost"
375,Metang,Steel,Psychic,420,60,75,100,55,80,50,3,NORMAL,"Fairy, Ice, Rock, Fight, Poison","Fire, Ground, Dark, Ghost"
376,Metagross,Steel,Psychic,600,80,135,130,95,90,70,3,NORMAL,"Fairy, Ice, Rock, Fight, Poison","Fire, Ground, Dark, Ghost"
377,Regirock,Rock,,580,80,100,200,50,100,50,3,LEGENDARY,"Bug, Fire, Flying, Ice","Fight, Grass, Ground, Steel, Water"
378,Regice,Ice,,580,80,50,100,100,200,50,3,LEGENDARY,"Dragon, Flying, Grass, Ground","Fighting, Fire, Rock, Steel"
379,Registeel,Steel,,580,80,75,150,75,150,50,3,LEGENDARY,"Fairy, Ice, Rock","Fight, Fire, Ground"
380,Latias,Dragon,Psychic,600,80,80,90,110,130,110,3,LEGENDARY,"Dragon, Fight, Poison","Dragon, Fairy, Ice, Bug, Dark, Ghost"
381,Latios,Dragon,Psychic,600,80,90,80,130,110,110,3,LEGENDARY,"Dragon, Fight, Poison","Dragon, Fairy, Ice, Bug, Dark, Ghost"
382,Kyogre,Water,,670,100,100,90,150,140,90,3,LEGENDARY,"Fire, Ground, Rock","Electric, Grass"
383,Groudon,Ground,,670,100,150,140,100,90,90,3,LEGENDARY,"Electric, Fire, Poison, Rock, Steel","Grass, Ice, Water"
384,Rayquaza,Dragon,Flying,680,105,150,90,150,90,95,3,LEGENDARY,"Dragon, Bug, Fight, Grass","Dragon, Fairy, Ice, Rock"
385,Jirachi,Steel,Psychic,600,100,100,100,100,100,100,3,LEGENDARY,"Fairy, Ice, Rock, Fight, Poison","Fire, Ground, Dark, Ghost"
386,Deoxys,Psychic,,600,50,150,50,150,50,150,3,LEGENDARY,"Fight, Poison","Bug, Dark, Ghost"
387,Turtwig,Grass,,318,55,68,64,45,55,31,4,LEGENDARY,"Ground, Rock, Water","Bug, Fire, Flying, Ice, Poison"
388,Grotle,Grass,,405,75,89,85,55,65,36,4,STARTER,"Ground, Rock, Water","Bug, Fire, Flying, Ice, Poison"
389,Torterra,Grass,Ground,525,95,109,105,75,85,56,4,STARTER,"Ground, Rock, Water, Electric, Fire, Poison, Rock, Steel","Bug, Fire, Flying, Ice"
390,Chimchar,Fire,,309,44,58,44,58,44,61,4,STARTER,"Bug, Grass, Ice, Steel","Ground, Rock, Water"
391,Monferno,Fire,Fight,405,64,78,52,78,52,81,4,STARTER,"Bug, Grass, Ice, Steel, Dark, Ice, Normal, Rock, Steel","Ground, Water, Flying, Psychic"
392,Infernape,Fire,Fight,534,76,104,71,104,71,108,4,STARTER,"Bug, Grass, Ice, Steel, Dark, Ice, Normal, Rock, Steel","Ground, Water, Flying, Psychic"
393,Piplup,Water,,314,53,51,53,61,56,40,4,STARTER,"Fire, Ground, Rock","Electric, Grass"
394,Prinplup,Water,,405,64,66,68,81,76,50,4,STARTER,"Fire, Ground, Rock","Electric, Grass"
395,Empoleon,Water,Steel,530,84,86,88,111,101,60,4,STARTER,"Fire, Ground, Rock, Fairy, Ice","Electric, Fight, Ground"
396,Starly,Normal,Flying,245,40,55,30,30,30,60,4,STARTER,"Bug, Fight, Grass","Electric, Ice, Rock"
397,Staravia,Normal,Flying,340,55,75,50,40,40,80,4,NORMAL,"Bug, Fight, Grass","Electric, Ice, Rock"
398,Staraptor,Normal,Flying,485,85,120,70,50,60,100,4,NORMAL,"Bug, Fight, Grass","Electric, Ice, Rock"
399,Bidoof,Normal,,250,59,45,40,35,40,31,4,NORMAL,None,Fight
400,Bibarel,Normal,Water,410,79,85,60,55,60,71,4,NORMAL,"Fire, Ground, Rock","Fight, Electric, Grass"
401,Kricketot,Bug,,194,37,25,41,25,41,25,4,NORMAL,"Dark, Grass, Psychic","Fire, Flying, Rock"
402,Kricketune,Bug,,384,77,85,51,55,51,65,4,NORMAL,"Dark, Grass, Psychic","Fire, Flying, Rock"
403,Shinx,Electric,,263,45,65,34,40,34,45,4,NORMAL,"Flying, Water",Ground
404,Luxio,Electric,,363,60,85,49,60,49,60,4,NORMAL,"Flying, Water",Ground
405,Luxray,Electric,,523,80,120,79,95,79,70,4,NORMAL,"Flying, Water",Ground
406,Budew,Grass,Poison,280,40,30,35,50,70,55,4,NORMAL,"Ground, Rock, Water, Fairy, Grass","Fire, Flying, Ice, Psychic"
407,Roserade,Grass,Poison,515,60,70,65,125,105,90,4,NORMAL,"Ground, Rock, Water, Fairy, Grass","Fire, Flying, Ice, Psychic"
408,Cranidos,Rock,,350,67,125,40,30,30,58,4,NORMAL,"Bug, Fire, Flying, Ice","Fight, Grass, Ground, Steel, Water"
409,Rampardos,Rock,,495,97,165,60,65,50,58,4,NORMAL,"Bug, Fire, Flying, Ice","Fight, Grass, Ground, Steel, Water"
410,Shieldon,Rock,Steel,350,30,42,118,42,88,30,4,NORMAL,"Bug, Fire, Flying, Ice, Fairy, Ice, Rock","Water, Fight, Ground"
411,Bastiodon,Rock,Steel,495,60,52,168,47,138,30,4,NORMAL,"Bug, Fire, Flying, Ice, Fairy, Ice, Rock","Water, Fight, Ground"
412,Burmy,Bug,,224,40,29,45,29,45,36,4,NORMAL,"Dark, Grass, Psychic","Fire, Flying, Rock"
413,Wormadam,Bug,Grass,424,60,59,85,79,105,36,4,NORMAL,"Dark, Grass, Psychic, Ground, Rock, Water","Fire, Flying, Rock, Bug, Ice, Poison"
414,Mothim,Bug,Flying,424,70,94,50,94,50,66,4,NORMAL,"Dark, Grass, Psychic, Bug, Fight","Fire, Flying, Rock, Electric, Ice, Rock"
415,Combee,Bug,Flying,244,30,30,42,30,42,70,4,NORMAL,"Dark, Grass, Psychic, Bug, Fight","Fire, Flying, Rock, Electric, Ice, Rock"
416,Vespiquen,Bug,Flying,474,70,80,102,80,102,40,4,NORMAL,"Dark, Grass, Psychic, Bug, Fight","Fire, Flying, Rock, Electric, Ice, Rock"
417,Pachirisu,Electric,,405,60,45,70,45,90,95,4,NORMAL,"Flying, Water",Ground
418,Buizel,Water,,330,55,65,35,60,30,85,4,NORMAL,"Fire, Ground, Rock","Electric, Grass"
419,Floatzel,Water,,495,85,105,55,85,50,115,4,NORMAL,"Fire, Ground, Rock","Electric, Grass"
420,Cherubi,Grass,,275,45,35,45,62,53,35,4,NORMAL,"Ground, Rock, Water","Bug, Fire, Flying, Ice, Poison"
421,Cherrim,Grass,,450,70,60,70,87,78,85,4,NORMAL,"Ground, Rock, Water","Bug, Fire, Flying, Ice, Poison"
422,Shellos,Water,,325,76,48,48,57,62,34,4,NORMAL,"Fire, Ground, Rock","Electric, Grass"
423,Gastrodon,Water,Ground,475,111,83,68,92,82,39,4,NORMAL,"Fire, Ground, Rock, Electric, Poison, Steel",Grass
424,Ambipom,Normal,,482,75,100,66,60,66,115,4,NORMAL,None,Fight
425,Drifloon,Ghost,Flying,348,90,50,34,60,44,70,4,NORMAL,"Ghost, Psychic, Bug, Fighting, Grass","Dark, Ghost, Electric, Ice, Rock"
426,Drifblim,Ghost,Flying,498,150,80,44,90,54,80,4,NORMAL,"Ghost, Psychic, Bug, Fighting, Grass","Dark, Ghost, Electric, Ice, Rock"
427,Buneary,Normal,,350,55,66,44,44,56,85,4,NORMAL,None,Fight
428,Lopunny,Normal,,480,65,76,84,54,96,105,4,NORMAL,None,Fight
429,Mismagius,Ghost,,495,60,60,60,105,105,105,4,NORMAL,"Ghost, Psychic","Dark, Ghost"
430,Honchkrow,Dark,Flying,505,100,125,52,105,52,71,4,NORMAL,"Ghost, Psychic, Bug, Fight, Grass","Fairy, Electric, Ice, Rock"
431,Glameow,Normal,,310,49,55,42,42,37,85,4,NORMAL,None,Fight
432,Purugly,Normal,,452,71,82,64,64,59,112,4,NORMAL,None,Fight
433,Chingling,Psychic,,285,45,30,50,65,50,45,4,NORMAL,"Fight, Poison","Bug, Dark, Ghost"
434,Stunky,Poison,Dark,329,63,63,47,41,41,74,4,NORMAL,"Fairy, Grass, Ghost, Psychic",Ground
435,Skuntank,Poison,Dark,479,103,93,67,71,61,84,4,NORMAL,"Fairy, Grass, Ghost, Psychic",Ground
436,Bronzor,Steel,Psychic,300,57,24,86,24,86,23,4,NORMAL,"Fairy, Ice, Rock, Fight, Poison","Fire, Ground, Dark, Ghost"
437,Bronzong,Steel,Psychic,500,67,89,116,79,116,33,4,NORMAL,"Fairy, Ice, Rock, Fight, Poison","Fire, Ground, Dark, Ghost"
438,Bonsly,Rock,,290,50,80,95,10,45,10,4,NORMAL,"Bug, Fire, Flying, Ice","Fight, Grass, Ground, Steel, Water"
439,Mime Jr.,Psychic,Fairy,310,20,25,45,70,90,60,4,NORMAL,"Fight, Poison, Dark, Dragon, Fight","Ghost, Poison, Steel"
440,Happiny,Normal,,220,100,5,5,15,65,30,4,NORMAL,None,Fight
441,Chatot,Normal,Flying,411,76,65,45,92,42,91,4,NORMAL,"Bug, Fight, Grass","Electric, Ice, Rock"
442,Spiritomb,Ghost,Dark,485,50,92,108,92,108,35,4,NORMAL,"Ghost, Psychic, Psychic",Fairy
443,Gible,Dragon,Ground,300,58,70,45,40,45,42,4,NORMAL,"Dragon, Electric, Fire, Poison, Rock, Steel","Dragon, Fairy, Ice"
444,Gabite,Dragon,Ground,410,68,90,65,50,55,82,4,NORMAL,"Dragon, Electric, Fire, Poison, Rock, Steel","Dragon, Fairy, Ice"
445,Garchomp,Dragon,Ground,600,108,130,95,80,85,102,4,NORMAL,"Dragon, Electric, Fire, Poison, Rock, Steel","Dragon, Fairy, Ice"
446,Munchlax,Normal,,390,135,85,40,40,85,5,4,NORMAL,None,Fight
447,Riolu,Fight,,285,40,70,40,35,40,60,4,NORMAL,"Dark, Ice, Normal, Rock, Steel","Fairy, Flying, Psychic"
448,Lucario,Fight,Steel,525,70,110,70,115,70,90,4,NORMAL,"Dark, Ice, Normal, Rock, Steel, Fairy, Ice, Rock","Fight, Fire, Ground"
449,Hippopotas,Ground,,330,68,72,78,38,42,32,4,NORMAL,"Electric, Fire, Poison, Rock, Steel","Grass, Ice, Water"
450,Hippowdon,Ground,,525,108,112,118,68,72,47,4,NORMAL,"Electric, Fire, Poison, Rock, Steel","Grass, Ice, Water"
451,Skorupi,Poison,Bug,330,40,50,90,30,55,65,4,NORMAL,"Fairy, Grass, Dark, Psychic","Psychic, Fire, Flying, Rock"
452,Drapion,Poison,Dark,500,70,90,110,60,75,95,4,NORMAL,"Fairy, Grass, Ghost, Psychic",Ground
453,Croagunk,Poison,Fight,300,48,61,40,61,40,50,4,NORMAL,"Fairy, Grass, Dark, Ice, Normal, Rock, Steel","Ground, Flying, Psychic"
454,Toxicroak,Poison,Fight,490,83,106,65,86,65,85,4,NORMAL,"Fairy, Grass, Dark, Ice, Normal, Rock, Steel","Ground, Flying, Psychic"
455,Carnivine,Grass,,454,74,100,72,90,72,46,4,NORMAL,"Ground, Rock, Water","Bug, Fire, Flying, Ice, Poison"
456,Finneon,Water,,330,49,49,56,49,61,66,4,NORMAL,"Fire, Ground, Rock","Electric, Grass"
457,Lumineon,Water,,460,69,69,76,69,86,91,4,NORMAL,"Fire, Ground, Rock","Electric, Grass"
458,Mantyke,Water,Flying,345,45,20,50,60,120,50,4,NORMAL,"Fire, Ground, Rock, Bug, Fight, Grass","Electric, Rock"
459,Snover,Grass,Ice,334,60,62,50,62,60,40,4,NORMAL,"Ground, Rock, Water, Dragon, Flying, Grass","Bug, Fire, Flying, Ice, Poison, Fight, Rock, Steel"
460,Abomasnow,Grass,Ice,494,90,92,75,92,85,60,4,NORMAL,"Ground, Rock, Water, Dragon, Flying, Grass","Bug, Fire, Flying, Ice, Poison, Fight, Rock, Steel"
461,Weavile,Dark,Ice,510,70,120,65,45,85,125,4,NORMAL,"Ghost, Psychic, Dragon, Flying, Grass, Ground","Bug, Fairy, Fight, Fire, Rock, Steel"
462,Magnezone,Electric,Steel,535,70,70,115,130,90,60,4,NORMAL,"Flying, Water, Fairy, Ice, Rock","Ground, Fight, Fire"
463,Lickilicky,Normal,,515,110,85,95,80,95,50,4,NORMAL,None,Fight
464,Rhyperior,Ground,Rock,535,115,140,130,55,55,40,4,NORMAL,"Electric, Fire, Poison, Rock, Steel, Bug, Flying, Ice","Grass, Ice, Water, Fight, Ground, Steel"
465,Tangrowth,Grass,,535,100,100,125,110,50,50,4,NORMAL,"Ground, Rock, Water","Bug, Fire, Flying, Ice, Poison"
466,Electivire,Electric,,540,75,123,67,95,85,95,4,NORMAL,"Flying, Water",Ground
467,Magmortar,Fire,,540,75,95,67,125,95,83,4,NORMAL,"Bug, Grass, Ice, Steel","Ground, Rock, Water"
468,Togekiss,Fairy,Flying,545,85,50,95,120,115,80,4,NORMAL,"Dark, Dragon, Fight, Bug, Grass","Poison, Steel, Electric, Ice, Rock"
469,Yanmega,Bug,Flying,515,86,76,86,116,56,95,4,NORMAL,"Dark, Grass, Psychic, Bug, Fight","Fire, Flying, Rock, Electric, Ice, Rock"
470,Leafeon,Grass,,525,65,110,130,60,65,95,4,NORMAL,"Ground, Rock, Water","Bug, Fire, Flying, Ice, Poison"
471,Glaceon,Ice,,525,65,60,110,130,95,65,4,NORMAL,"Dragon, Flying, Grass, Ground","Fighting, Fire, Rock, Steel"
472,Gliscor,Ground,Flying,510,75,95,125,45,75,95,4,NORMAL,"Electric, Fire, Poison, Rock, Steel, Bug, Fight, Grass","Ice, Water"
473,Mamoswine,Ice,Ground,530,110,130,80,70,60,80,4,NORMAL,"Dragon, Flying, Grass, Ground, Electric, Fire, Poison, Rock, Steel","Fighting, Fire, Rock, Steel, Grass, Ice, Water"
474,Porygon-Z,Normal,,535,85,80,70,135,75,90,4,NORMAL,None,Fight
475,Gallade,Psychic,Fight,518,68,125,65,65,115,80,4,NORMAL,"Fight, Poison, Dark, Ice, Normal, Rock, Steel","Ghost, Fairy, Flying"
476,Probopass,Rock,Steel,525,60,55,145,75,150,40,4,NORMAL,"Bug, Fire, Flying, Ice, Fairy, Ice, Rock","Water, Fight, Ground"
477,Dusknoir,Ghost,,525,45,100,135,65,135,45,4,NORMAL,"Ghost, Psychic","Dark, Ghost"
478,Froslass,Ice,Ghost,480,70,80,70,80,70,110,4,NORMAL,"Dragon, Flying, Grass, Ground, Ghost, Psychic","Fighting, Fire, Rock, Steel, Dark, Ghost"
479,Rotom,Electric,Ghost,440,50,50,77,95,77,91,4,NORMAL,"Flying, Water, Ghost, Psychic","Dark, Ghost"
480,Uxie,Psychic,,580,75,75,130,75,130,95,4,LEGENDARY,"Fight, Poison","Bug, Dark, Ghost"
481,Mesprit,Psychic,,580,80,105,105,105,105,80,4,LEGENDARY,"Fight, Poison","Bug, Dark, Ghost"
482,Azelf,Psychic,,580,75,125,70,125,70,115,4,LEGENDARY,"Fight, Poison","Bug, Dark, Ghost"
483,Dialga,Steel,Dragon,680,100,120,120,150,100,90,4,LEGENDARY,"Fairy, Ice, Rock, Dragon","Fight, Ground"
484,Palkia,Water,Dragon,680,90,120,100,150,120,100,4,LEGENDARY,"Fire, Ground, Rock, Dragon","Dragon, Fairy"
485,Heatran,Fire,Steel,600,91,90,106,130,106,77,4,LEGENDARY,"Bug, Grass, Ice, Steel, Fairy, Ice, Rock","Ground, Water, Fight"
486,Regigigas,Normal,,670,110,160,110,80,110,100,4,LEGENDARY,None,Fight
487,Giratina,Ghost,Dragon,680,150,120,100,120,100,90,4,LEGENDARY,"Ghost, Psychic, Dragon","Dark, Ghost, Dragon, Fairy, Ice"
488,Cresselia,Psychic,,600,120,70,120,75,130,85,4,LEGENDARY,"Fight, Poison","Bug, Dark, Ghost"
489,Phione,Water,,480,80,80,80,80,80,80,4,LEGENDARY,"Fire, Ground, Rock","Electric, Grass"
490,Manaphy,Water,,600,100,100,100,100,100,100,4,LEGENDARY,"Fire, Ground, Rock","Electric, Grass"
491,Darkrai,Dark,,600,70,90,90,135,90,125,4,LEGENDARY,"Ghost, Psychic","Bug, Fairy, Fight"
492,Shaymin,Grass,,600,100,100,100,100,100,100,4,LEGENDARY,"Ground, Rock, Water","Bug, Fire, Flying, Ice, Poison"
493,Arceus,Normal,,720,120,120,120,120,120,120,4,LEGENDARY,None,Fight
494,Victini,Psychic,Fire,600,100,100,100,100,100,100,5,LEGENDARY,"Fight, Poison, Bug, Grass, Ice, Steel","Dark, Ghost, Ground, Rock, Water"
495,Snivy,Grass,,308,45,45,55,45,55,63,5,STARTER,"Ground, Rock, Water","Bug, Fire, Flying, Ice, Poison"
496,Servine,Grass,,413,60,60,75,60,75,83,5,STARTER,"Ground, Rock, Water","Bug, Fire, Flying, Ice, Poison"
497,Serperior,Grass,,528,75,75,95,75,95,113,5,STARTER,"Ground, Rock, Water","Bug, Fire, Flying, Ice, Poison"
498,Tepig,Fire,,308,65,63,45,45,45,45,5,STARTER,"Bug, Grass, Ice, Steel","Ground, Rock, Water"
499,Pignite,Fire,Fight,418,90,93,55,70,55,55,5,STARTER,"Bug, Grass, Ice, Steel, Dark, Ice, Normal, Rock, Steel","Ground, Water, Flying, Psychic"
500,Emboar,Fire,Fight,528,110,123,65,100,65,65,5,STARTER,"Bug, Grass, Ice, Steel, Dark, Ice, Normal, Rock, Steel","Ground, Water, Flying, Psychic"
501,Oshawott,Water,,308,55,55,45,63,45,45,5,STARTER,"Fire, Ground, Rock","Electric, Grass"
502,Dewott,Water,,413,75,75,60,83,60,60,5,STARTER,"Fire, Ground, Rock","Electric, Grass"
503,Samurott,Water,,528,95,100,85,108,70,70,5,STARTER,"Fire, Ground, Rock","Electric, Grass"
504,Patrat,Normal,,255,45,55,39,35,39,42,5,NORMAL,None,Fight
505,Watchog,Normal,,420,60,85,69,60,69,77,5,NORMAL,None,Fight
506,Lillipup,Normal,,275,45,60,45,25,45,55,5,NORMAL,None,Fight
507,Herdier,Normal,,370,65,80,65,35,65,60,5,NORMAL,None,Fight
508,Stoutland,Normal,,500,85,110,90,45,90,80,5,NORMAL,None,Fight
509,Purrloin,Dark,,281,41,50,37,50,37,66,5,NORMAL,"Ghost, Psychic","Bug, Fairy, Fight"
510,Liepard,Dark,,446,64,88,50,88,50,106,5,NORMAL,"Ghost, Psychic","Bug, Fairy, Fight"
511,Pansage,Grass,,316,50,53,48,53,48,64,5,NORMAL,"Ground, Rock, Water","Bug, Fire, Flying, Ice, Poison"
512,Simisage,Grass,,498,75,98,63,98,63,101,5,NORMAL,"Ground, Rock, Water","Bug, Fire, Flying, Ice, Poison"
513,Pansear,Fire,,316,50,53,48,53,48,64,5,NORMAL,"Bug, Grass, Ice, Steel","Ground, Rock, Water"
514,Simisear,Fire,,498,75,98,63,98,63,101,5,NORMAL,"Bug, Grass, Ice, Steel","Ground, Rock, Water"
515,Panpour,Water,,316,50,53,48,53,48,64,5,NORMAL,"Fire, Ground, Rock","Electric, Grass"
516,Simipour,Water,,498,75,98,63,98,63,101,5,NORMAL,"Fire, Ground, Rock","Electric, Grass"
517,Munna,Psychic,,292,76,25,45,67,55,24,5,NORMAL,"Fight, Poison","Bug, Dark, Ghost"
518,Musharna,Psychic,,487,116,55,85,107,95,29,5,NORMAL,"Fight, Poison","Bug, Dark, Ghost"
519,Pidove,Normal,Flying,264,50,55,50,36,30,43,5,NORMAL,"Bug, Fight, Grass","Electric, Ice, Rock"
520,Tranquill,Normal,Flying,358,62,77,62,50,42,65,5,NORMAL,"Bug, Fight, Grass","Electric, Ice, Rock"
521,Unfezant,Normal,Flying,488,80,115,80,65,55,93,5,NORMAL,"Bug, Fight, Grass","Electric, Ice, Rock"
522,Blitzle,Electric,,295,45,60,32,50,32,76,5,NORMAL,"Flying, Water",Ground
523,Zebstrika,Electric,,497,75,100,63,80,63,116,5,NORMAL,"Flying, Water",Ground
524,Roggenrola,Rock,,280,55,75,85,25,25,15,5,NORMAL,"Bug, Fire, Flying, Ice","Fight, Grass, Ground, Steel, Water"
525,Boldore,Rock,,390,70,105,105,50,40,20,5,NORMAL,"Bug, Fire, Flying, Ice","Fight, Grass, Ground, Steel, Water"
526,Gigalith,Rock,,515,85,135,130,60,80,25,5,NORMAL,"Bug, Fire, Flying, Ice","Fight, Grass, Ground, Steel, Water"
527,Woobat,Psychic,Flying,313,55,45,43,55,43,72,5,NORMAL,"Fight, Poison, Bug, Fight, Grass","Dark, Ghost, Electric, Ice, Rock"
528,Swoobat,Psychic,Flying,425,67,57,55,77,55,114,5,NORMAL,"Fight, Poison, Bug, Fight, Grass","Dark, Ghost, Electric, Ice, Rock"
529,Drilbur,Ground,,328,60,85,40,30,45,68,5,NORMAL,"Electric, Fire, Poison, Rock, Steel","Grass, Ice, Water"
530,Excadrill,Ground,Steel,508,110,135,60,50,65,88,5,NORMAL,"Electric, Fire, Poison, Rock, Steel, Fairy, Ice, Rock","Water, Fight, Fire, Ground"
531,Audino,Normal,,445,103,60,86,60,86,50,5,NORMAL,None,Fight
532,Timburr,Fight,,305,75,80,55,25,35,35,5,NORMAL,"Dark, Ice, Normal, Rock, Steel","Fairy, Flying, Psychic"
533,Gurdurr,Fight,,405,85,105,85,40,50,40,5,NORMAL,"Dark, Ice, Normal, Rock, Steel","Fairy, Flying, Psychic"
534,Conkeldurr,Fight,,505,105,140,95,55,65,45,5,NORMAL,"Dark, Ice, Normal, Rock, Steel","Fairy, Flying, Psychic"
535,Tympole,Water,,294,50,50,40,50,40,64,5,NORMAL,"Fire, Ground, Rock","Electric, Grass"
536,Palpitoad,Water,Ground,384,75,65,55,65,55,69,5,NORMAL,"Fire, Ground, Rock, Electric, Poison, Steel",Grass
537,Seismitoad,Water,Ground,509,105,95,75,85,75,74,5,NORMAL,"Fire, Ground, Rock, Electric, Poison, Steel",Grass
538,Throh,Fight,,465,120,100,85,30,85,45,5,NORMAL,"Dark, Ice, Normal, Rock, Steel","Fairy, Flying, Psychic"
539,Sawk,Fight,,465,75,125,75,30,75,85,5,NORMAL,"Dark, Ice, Normal, Rock, Steel","Fairy, Flying, Psychic"
540,Sewaddle,Bug,Grass,310,45,53,70,40,60,42,5,NORMAL,"Dark, Grass, Psychic, Ground, Rock, Water","Fire, Flying, Rock, Bug, Ice, Poison"
541,Swadloon,Bug,Grass,380,55,63,90,50,80,42,5,NORMAL,"Dark, Grass, Psychic, Ground, Rock, Water","Fire, Flying, Rock, Bug, Ice, Poison"
542,Leavanny,Bug,Grass,500,75,103,80,70,80,92,5,NORMAL,"Dark, Grass, Psychic, Ground, Rock, Water","Fire, Flying, Rock, Bug, Ice, Poison"
543,Venipede,Bug,Poison,260,30,45,59,30,39,57,5,NORMAL,"Dark, Grass, Psychic, Fairy","Fire, Flying, Rock, Psychic"
544,Whirlipede,Bug,Poison,360,40,55,99,40,79,47,5,NORMAL,"Dark, Grass, Psychic, Fairy","Fire, Flying, Rock, Psychic"
545,Scolipede,Bug,Poison,485,60,100,89,55,69,112,5,NORMAL,"Dark, Grass, Psychic, Fairy","Fire, Flying, Rock, Psychic"
546,Cottonee,Grass,Fairy,280,40,27,60,37,50,66,5,NORMAL,"Ground, Rock, Water, Dark, Dragon, Fighting","Bug, Fire, Flying, Ice, Poison, Steel"
547,Whimsicott,Grass,Fairy,480,60,67,85,77,75,116,5,NORMAL,"Ground, Rock, Water, Dark, Dragon, Fighting","Bug, Fire, Flying, Ice, Poison, Steel"
548,Petilil,Grass,,280,45,35,50,70,50,30,5,NORMAL,"Ground, Rock, Water","Bug, Fire, Flying, Ice, Poison"
549,Lilligant,Grass,,480,70,60,75,110,75,90,5,NORMAL,"Ground, Rock, Water","Bug, Fire, Flying, Ice, Poison"
550,Basculin,Water,,460,70,92,65,80,55,98,5,NORMAL,"Fire, Ground, Rock","Electric, Grass"
551,Sandile,Ground,Dark,292,50,72,35,35,35,65,5,NORMAL,"Electric, Fire, Poison, Rock, Steel, Ghost, Psychic","Grass, Ice, Water, Bug, Fairy, Fight"
552,Krokorok,Ground,Dark,351,60,82,45,45,45,74,5,NORMAL,"Electric, Fire, Poison, Rock, Steel, Ghost, Psychic","Grass, Ice, Water, Bug, Fairy, Fight"
553,Krookodile,Ground,Dark,519,95,117,80,65,70,92,5,NORMAL,"Electric, Fire, Poison, Rock, Steel, Ghost, Psychic","Grass, Ice, Water, Bug, Fairy, Fight"
554,Darumaka,Fire,,315,70,90,45,15,45,50,5,NORMAL,"Bug, Grass, Ice, Steel","Ground, Rock, Water"
555,Darmanitan,Fire,,480,105,140,55,30,55,95,5,NORMAL,"Bug, Grass, Ice, Steel","Ground, Rock, Water"
556,Maractus,Grass,,461,75,86,67,106,67,60,5,NORMAL,"Ground, Rock, Water","Bug, Fire, Flying, Ice, Poison"
557,Dwebble,Bug,Rock,325,50,65,85,35,35,55,5,NORMAL,"Dark, Grass, Psychic, Bug, Fire, Flying, Ice","Rock, Steel, Water"
558,Crustle,Bug,Rock,475,70,95,125,65,75,45,5,NORMAL,"Dark, Grass, Psychic, Bug, Fire, Flying, Ice","Rock, Steel, Water"
559,Scraggy,Dark,Fight,348,50,75,70,35,70,48,5,NORMAL,"Ghost, Psychic, Dark, Ice, Normal, Rock, Steel","Fight, Flying, Fairy"
560,Scrafty,Dark,Fight,488,65,90,115,45,115,58,5,NORMAL,"Ghost, Psychic, Dark, Ice, Normal, Rock, Steel","Fight, Flying, Fairy"
561,Sigilyph,Psychic,Flying,490,72,58,80,103,80,97,5,NORMAL,"Fight, Poison, Bug, Fight, Grass","Dark, Ghost, Electric, Ice, Rock"
562,Yamask,Ghost,,303,38,30,85,55,65,30,5,NORMAL,"Ghost, Psychic","Dark, Ghost"
563,Cofagrigus,Ghost,,483,58,50,145,95,105,30,5,NORMAL,"Ghost, Psychic","Dark, Ghost"
564,Tirtouga,Water,Rock,355,54,78,103,53,45,22,5,NORMAL,"Fire, Ground, Rock, Bug, Fire, Flying, Ice","Electric, Grass, Fight, Ground"
565,Carracosta,Water,Rock,495,74,108,133,83,65,32,5,NORMAL,"Fire, Ground, Rock, Bug, Fire, Flying, Ice","Electric, Grass, Fight, Ground"
566,Archen,Rock,Flying,401,55,112,45,74,45,70,5,NORMAL,"Bug, Fire, Flying, Ice, Fight, Grass","Steel, Water, Electric, Ice, Rock"
567,Archeops,Rock,Flying,567,75,140,65,112,65,110,5,NORMAL,"Bug, Fire, Flying, Ice, Fight, Grass","Steel, Water, Electric, Ice, Rock"
568,Trubbish,Poison,,329,50,50,62,40,62,65,5,NORMAL,"Fairy, Grass","Ground, Psychic"
569,Garbodor,Poison,,474,80,95,82,60,82,75,5,NORMAL,"Fairy, Grass","Ground, Psychic"
570,Zorua,Dark,,330,40,65,40,80,40,65,5,NORMAL,"Ghost, Psychic","Bug, Fairy, Fight"
571,Zoroark,Dark,,510,60,105,60,120,60,105,5,NORMAL,"Ghost, Psychic","Bug, Fairy, Fight"
572,Minccino,Normal,,300,55,50,40,40,40,75,5,NORMAL,None,Fight
573,Cinccino,Normal,,470,75,95,60,65,60,115,5,NORMAL,None,Fight
574,Gothita,Psychic,,290,45,30,50,55,65,45,5,NORMAL,"Fight, Poison","Bug, Dark, Ghost"
575,Gothorita,Psychic,,390,60,45,70,75,85,55,5,NORMAL,"Fight, Poison","Bug, Dark, Ghost"
576,Gothitelle,Psychic,,490,70,55,95,95,110,65,5,NORMAL,"Fight, Poison","Bug, Dark, Ghost"
577,Solosis,Psychic,,290,45,30,40,105,50,20,5,NORMAL,"Fight, Poison","Bug, Dark, Ghost"
578,Duosion,Psychic,,370,65,40,50,125,60,30,5,NORMAL,"Fight, Poison","Bug, Dark, Ghost"
579,Reuniclus,Psychic,,490,110,65,75,125,85,30,5,NORMAL,"Fight, Poison","Bug, Dark, Ghost"
580,Ducklett,Water,Flying,305,62,44,50,44,50,55,5,NORMAL,"Fire, Ground, Rock, Bug, Fight, Grass","Electric, Rock"
581,Swanna,Water,Flying,473,75,87,63,87,63,98,5,NORMAL,"Fire, Ground, Rock, Bug, Fight, Grass","Electric, Rock"
582,Vanillite,Ice,,305,36,50,50,65,60,44,5,NORMAL,"Dragon, Flying, Grass, Ground","Fighting, Fire, Rock, Steel"
583,Vanillish,Ice,,395,51,65,65,80,75,59,5,NORMAL,"Dragon, Flying, Grass, Ground","Fighting, Fire, Rock, Steel"
584,Vanilluxe,Ice,,535,71,95,85,110,95,79,5,NORMAL,"Dragon, Flying, Grass, Ground","Fighting, Fire, Rock, Steel"
585,Deerling,Normal,Grass,335,60,60,50,40,50,75,5,NORMAL,"Ground, Rock, Water","Fight, Bug, Fire, Flying, Ice, Poison"
586,Sawsbuck,Normal,Grass,475,80,100,70,60,70,95,5,NORMAL,"Ground, Rock, Water","Fight, Bug, Fire, Flying, Ice, Poison"
587,Emolga,Electric,Flying,428,55,75,60,75,60,103,5,NORMAL,"Flying, Water, Bug, Fight, Grass","Ice, Rock"
588,Karrablast,Bug,,315,50,75,45,40,45,60,5,NORMAL,"Dark, Grass, Psychic","Fire, Flying, Rock"
589,Escavalier,Bug,Steel,495,70,135,105,60,105,20,5,NORMAL,"Dark, Grass, Psychic, Fairy, Ice, Rock",Fire
590,Foongus,Grass,Poison,294,69,55,45,55,55,15,5,NORMAL,"Ground, Rock, Water, Fairy, Grass","Fire, Flying, Ice, Psychic"
591,Amoonguss,Grass,Poison,464,114,85,70,85,80,30,5,NORMAL,"Ground, Rock, Water, Fairy, Grass","Fire, Flying, Ice, Psychic"
592,Frillish,Water,Ghost,335,55,40,50,65,85,40,5,NORMAL,"Fire, Ground, Rock, Ghost, Psychic","Electric, Grass, Dark, Ghost"
593,Jellicent,Water,Ghost,480,100,60,70,85,105,60,5,NORMAL,"Fire, Ground, Rock, Ghost, Psychic","Electric, Grass, Dark, Ghost"
594,Alomomola,Water,,470,165,75,80,40,45,65,5,NORMAL,"Fire, Ground, Rock","Electric, Grass"
595,Joltik,Bug,Electric,319,50,47,50,57,50,65,5,NORMAL,"Dark, Grass, Psychic, Flying, Water","Fire, Rock"
596,Galvantula,Bug,Electric,472,70,77,60,97,60,108,5,NORMAL,"Dark, Grass, Psychic, Flying, Water","Fire, Rock"
597,Ferroseed,Grass,Steel,305,44,50,91,24,86,10,5,NORMAL,"Ground, Rock, Water, Fairy, Ice, Rock","Fight, Fire"
598,Ferrothorn,Grass,Steel,489,74,94,131,54,116,20,5,NORMAL,"Ground, Rock, Water, Fairy, Ice, Rock","Fight, Fire"
599,Klink,Steel,,300,40,55,70,45,60,30,5,NORMAL,"Fairy, Ice, Rock","Fight, Fire, Ground"
600,Klang,Steel,,440,60,80,95,70,85,50,5,NORMAL,"Fairy, Ice, Rock","Fight, Fire, Ground"
601,Klinklang,Steel,,520,60,100,115,70,85,90,5,NORMAL,"Fairy, Ice, Rock","Fight, Fire, Ground"
602,Tynamo,Electric,,275,35,55,40,45,40,60,5,NORMAL,"Flying, Water",Ground
603,Eelektrik,Electric,,405,65,85,70,75,70,40,5,NORMAL,"Flying, Water",Ground
604,Eelektross,Electric,,515,85,115,80,105,80,50,5,NORMAL,"Flying, Water",Ground
605,Elgyem,Psychic,,335,55,55,55,85,55,30,5,NORMAL,"Fight, Poison","Bug, Dark, Ghost"
606,Beheeyem,Psychic,,485,75,75,75,125,95,40,5,NORMAL,"Fight, Poison","Bug, Dark, Ghost"
607,Litwick,Ghost,Fire,275,50,30,55,65,55,20,5,NORMAL,"Ghost, Psychic, Bug, Grass, Ice, Steel","Dark, Ghost, Ground, Rock, Water"
608,Lampent,Ghost,Fire,370,60,40,60,95,60,55,5,NORMAL,"Ghost, Psychic, Bug, Grass, Ice, Steel","Dark, Ghost, Ground, Rock, Water"
609,Chandelure,Ghost,Fire,520,60,55,90,145,90,80,5,NORMAL,"Ghost, Psychic, Bug, Grass, Ice, Steel","Dark, Ghost, Ground, Rock, Water"
610,Axew,Dragon,,320,46,87,60,30,40,57,5,NORMAL,Dragon,"Dragon, Fairy, Ice"
611,Fraxure,Dragon,,410,66,117,70,40,50,67,5,NORMAL,Dragon,"Dragon, Fairy, Ice"
612,Haxorus,Dragon,,540,76,147,90,60,70,97,5,NORMAL,Dragon,"Dragon, Fairy, Ice"
613,Cubchoo,Ice,,305,55,70,40,60,40,40,5,NORMAL,"Dragon, Flying, Grass, Ground","Fighting, Fire, Rock, Steel"
614,Beartic,Ice,,485,95,110,80,70,80,50,5,NORMAL,"Dragon, Flying, Grass, Ground","Fighting, Fire, Rock, Steel"
615,Cryogonal,Ice,,485,70,50,30,95,135,105,5,NORMAL,"Dragon, Flying, Grass, Ground","Fighting, Fire, Rock, Steel"
616,Shelmet,Bug,,305,50,40,85,40,65,25,5,NORMAL,"Dark, Grass, Psychic","Fire, Flying, Rock"
617,Accelgor,Bug,,495,80,70,40,100,60,145,5,NORMAL,"Dark, Grass, Psychic","Fire, Flying, Rock"
618,Stunfisk,Ground,Electric,471,109,66,84,81,99,32,5,NORMAL,"Electric, Fire, Poison, Rock, Steel, Flying, Water","Grass, Ice, Water, Ground"
619,Mienfoo,Fight,,350,45,85,50,55,50,65,5,NORMAL,"Dark, Ice, Normal, Rock, Steel","Fairy, Flying, Psychic"
620,Mienshao,Fight,,510,65,125,60,95,60,105,5,NORMAL,"Dark, Ice, Normal, Rock, Steel","Fairy, Flying, Psychic"
621,Druddigon,Dragon,,485,77,120,90,60,90,48,5,NORMAL,Dragon,"Dragon, Fairy, Ice"
622,Golett,Ground,Ghost,303,59,74,50,35,50,35,5,NORMAL,"Electric, Fire, Poison, Rock, Steel, Ghost, Psychic","Grass, Ice, Water, Dark, Ghost"
623,Golurk,Ground,Ghost,483,89,124,80,55,80,55,5,NORMAL,"Electric, Fire, Poison, Rock, Steel, Ghost, Psychic","Grass, Ice, Water, Dark, Ghost"
624,Pawniard,Dark,Steel,340,45,85,70,40,40,60,5,NORMAL,"Ghost, Psychic, Fairy, Ice, Rock","Fight, Fire, Ground"
625,Bisharp,Dark,Steel,490,65,125,100,60,70,70,5,NORMAL,"Ghost, Psychic, Fairy, Ice, Rock","Fight, Fire, Ground"
626,Bouffalant,Normal,,490,95,110,95,40,95,55,5,NORMAL,None,Fight
627,Rufflet,Normal,Flying,350,70,83,50,37,50,60,5,NORMAL,"Bug, Fight, Grass","Fight, Electric, Ice, Rock"
628,Braviary,Normal,Flying,510,100,123,75,57,75,80,5,NORMAL,"Bug, Fight, Grass","Fight, Electric, Ice, Rock"
629,Vullaby,Dark,Flying,370,70,55,75,45,65,60,5,NORMAL,"Ghost, Psychic, Bug, Fight, Grass","Fairy, Electric, Ice, Rock"
630,Mandibuzz,Dark,Flying,510,110,65,105,55,95,80,5,NORMAL,"Ghost, Psychic, Bug, Fight, Grass","Fairy, Electric, Ice, Rock"
631,Heatmor,Fire,,484,85,97,66,105,66,65,5,NORMAL,"Bug, Grass, Ice, Steel","Ground, Rock, Water"
632,Durant,Bug,Steel,484,58,109,112,48,48,109,5,NORMAL,"Dark, Grass, Psychic, Fairy, Ice, Rock","Fire, Flying, Rock, Fight, Fire, Ground"
633,Deino,Dark,Dragon,300,52,65,50,45,50,38,5,NORMAL,"Ghost, Psychic, Dragon","Bug, Fairy, Fight, Dragon, Ice"
634,Zweilous,Dark,Dragon,420,72,85,70,65,70,58,5,NORMAL,"Ghost, Psychic, Dragon","Bug, Fairy, Fight, Dragon, Ice"
635,Hydreigon,Dark,Dragon,600,92,105,90,125,90,98,5,NORMAL,"Ghost, Psychic, Dragon","Bug, Fairy, Fight, Dragon, Ice"
636,Larvesta,Bug,Fire,360,55,85,55,50,55,60,5,NORMAL,"Dark, Grass, Psychic, Bug, Ice, Steel","Flying, Rock, Water"
637,Volcarona,Bug,Fire,550,85,60,65,135,105,100,5,NORMAL,"Dark, Grass, Psychic, Bug, Ice, Steel","Flying, Rock, Water"
638,Cobalion,Steel,Fight,580,91,90,129,90,72,108,5,LEGENDARY,"Fairy, Ice, Rock, Dark, Ice, Normal, Rock, Steel","Fight, Fire, Ground"
639,Terrakion,Rock,Fight,580,91,129,90,72,90,108,5,LEGENDARY,"Bug, Fire, Flying, Ice, Dark, Ice, Normal, Rock, Steel","Fight, Grass, Ground, Steel, Water, Fairy, Psychic"
640,Virizion,Grass,Fight,580,91,90,72,90,129,108,5,LEGENDARY,"Ground, Rock, Water, Dark, Ice, Normal, Rock, Steel","Bug, Fire, Flying, Ice, Poison, Fairy, Psychic"
641,Tornadus,Flying,,580,79,115,70,125,80,111,5,LEGENDARY,"Bug, Fighting, Grass","Electric, Ice, Rock"
642,Thundurus,Electric,Flying,580,79,115,70,125,80,111,5,LEGENDARY,"Flying, Water, Bug, Fight, Grass","Ice, Rock"
643,Reshiram,Dragon,Fire,680,100,120,100,150,120,90,5,LEGENDARY,"Dragon, Bug, Grass, Ice, Steel","Dragon, Ground, Rock"
644,Zekrom,Dragon,Electric,680,100,150,120,120,100,90,5,LEGENDARY,"Dragon, Flying, Water","Dragon, Fairy, Ice, Ground"
645,Landorus,Ground,Flying,600,89,125,90,115,80,101,5,LEGENDARY,"Electric, Fire, Poison, Rock, Steel, Bug, Fight, Grass","Ice, Water"
646,Kyurem,Dragon,Ice,660,125,130,90,130,90,95,5,LEGENDARY,"Dragon, Flying, Grass, Ground","Dragon, Fairy, Fight, Rock, Steel"
647,Keldeo,Water,Fight,580,91,72,90,129,90,108,5,LEGENDARY,"Fire, Ground, Rock, Dark, Ice, Normal, Steel","Electric, Grass, Fairy, Flying, Psychic"
648,Meloetta,Normal,Psychic,600,100,77,77,128,128,90,5,LEGENDARY,"Fight, Poison","Bug, Dark"
649,Genesect,Bug,Steel,600,71,120,95,120,95,99,5,LEGENDARY,"Dark, Grass, Psychic, Fairy, Ice, Rock",Fire
650,Chespin,Grass,,313,56,61,65,48,45,38,6,STARTER,"Ground, Rock, Water","Bug, Fire, Flying, Ice, Poison"
651,Quilladin,Grass,,405,61,78,95,56,58,57,6,STARTER,"Ground, Rock, Water","Bug, Fire, Flying, Ice, Poison"
652,Chesnaught,Grass,Fight,530,88,107,122,74,75,64,6,STARTER,"Ground, Rock, Water, Dark, Ice, Normal, Rock, Steel","Bug, Fire, Flying, Ice, Poison, Fairy, Psychic"
653,Fennekin,Fire,,307,40,45,40,62,60,60,6,STARTER,"Bug, Grass, Ice, Steel","Ground, Rock, Water"
654,Braixen,Fire,,409,59,59,58,90,70,73,6,STARTER,"Bug, Grass, Ice, Steel","Ground, Rock, Water"
655,Delphox,Fire,Psychic,534,75,69,72,114,100,104,6,STARTER,"Bug, Grass, Ice, Steel, Fight, Poison","Ground, Rock, Water, Dark, Ghost"
656,Froakie,Water,,314,41,56,40,62,44,71,6,STARTER,"Fire, Ground, Rock","Electric, Grass"
657,Frogadier,Water,,405,54,63,52,83,56,97,6,STARTER,"Fire, Ground, Rock","Electric, Grass"
658,Greninja,Water,Dark,530,72,95,67,103,71,122,6,STARTER,"Fire, Ground, Rock, Ghost, Psychic","Electric, Grass, Bug, Fairy, Fight"
659,Bunnelby,Normal,,237,38,36,38,32,36,57,6,NORMAL,None,Fight
660,Diggersby,Normal,Ground,423,85,56,77,50,77,78,6,NORMAL,"Electric, Fire, Poison, Rock, Steel","Fight, Grass, Ice, Water"
661,Fletchling,Normal,Flying,278,45,50,43,40,38,62,6,NORMAL,"Bug, Fight, Grass","Electric, Ice, Rock"
662,Fletchinder,Fire,Flying,382,62,73,55,56,52,84,6,NORMAL,"Bug, Grass, Ice, Steel, Bug, Fight, Grass","Water, Electric, Rock"
663,Talonflame,Fire,Flying,499,78,81,71,74,69,126,6,NORMAL,"Bug, Grass, Ice, Steel, Bug, Fight, Grass","Water, Electric, Rock"
664,Scatterbug,Bug,,200,38,35,40,27,25,35,6,NORMAL,"Dark, Grass, Psychic","Fire, Flying, Rock"
665,Spewpa,Bug,,213,45,22,60,27,30,29,6,NORMAL,"Dark, Grass, Psychic","Fire, Flying, Rock"
666,Vivillon,Bug,Flying,411,80,52,50,90,50,89,6,NORMAL,"Dark, Grass, Psychic, Bug, Fight","Fire, Flying, Rock, Electric, Ice, Rock"
667,Litleo,Fire,Normal,369,62,50,58,73,54,72,6,NORMAL,"Bug, Grass, Ice, Steel, None","Ground, Rock, Water, Fight"
668,Pyroar,Fire,Normal,507,86,68,72,109,66,106,6,NORMAL,"Bug, Grass, Ice, Steel, None","Ground, Rock, Water, Fight"
669,Flabebe,Fairy,,303,44,38,39,61,79,42,6,NORMAL,"Dark, Dragon, Fight","Poison, Steel"
670,Floette,Fairy,,371,54,45,47,75,98,52,6,NORMAL,"Dark, Dragon, Fight","Poison, Steel"
671,Florges,Fairy,,552,78,65,68,112,154,75,6,NORMAL,"Dark, Dragon, Fight","Poison, Steel"
672,Skiddo,Grass,,350,66,65,48,62,57,52,6,NORMAL,"Ground, Rock, Water","Bug, Fire, Flying, Ice, Poison"
673,Gogoat,Grass,,531,123,100,62,97,81,68,6,NORMAL,"Ground, Rock, Water","Bug, Fire, Flying, Ice, Poison"
674,Pancham,Fight,,348,67,82,62,46,48,43,6,NORMAL,"Dark, Ice, Normal, Rock, Steel","Fairy, Flying, Psychic"
675,Pangoro,Fight,Dark,495,95,124,78,69,71,58,6,NORMAL,"Dark, Ice, Normal, Rock, Steel, Ghost, Psychic","Fairy, Flying, Fight"
676,Furfrou,Normal,,472,75,80,60,65,90,102,6,NORMAL,None,Fight
677,Espurr,Psychic,,355,62,48,54,63,60,68,6,NORMAL,"Fight, Poison","Bug, Dark, Ghost"
678,Meowstic,Psychic,,466,74,48,76,83,81,104,6,NORMAL,"Fight, Poison","Bug, Dark, Ghost"
679,Honedge,Steel,Ghost,325,45,80,100,35,37,28,6,NORMAL,"Fairy, Ice, Rock, Ghost, Psychic","Fire, Ground, Dark, Ghost"
680,Doublade,Steel,Ghost,448,59,110,150,45,49,35,6,NORMAL,"Fairy, Ice, Rock, Ghost, Psychic","Fire, Ground, Dark, Ghost"
681,Aegislash,Steel,Ghost,520,60,150,50,150,50,60,6,NORMAL,"Fairy, Ice, Rock, Ghost, Psychic","Fire, Ground, Dark, Ghost"
682,Spritzee,Fairy,,341,78,52,60,63,65,23,6,NORMAL,"Dark, Dragon, Fight","Poison, Steel"
683,Aromatisse,Fairy,,462,101,72,72,99,89,29,6,NORMAL,"Dark, Dragon, Fight","Poison, Steel"
684,Swirlix,Fairy,,341,62,48,66,59,57,49,6,NORMAL,"Dark, Dragon, Fight","Poison, Steel"
685,Slurpuff,Fairy,,480,82,80,86,85,75,72,6,NORMAL,"Dark, Dragon, Fight","Poison, Steel"
686,Inkay,Dark,Psychic,288,53,54,53,37,46,45,6,NORMAL,"Ghost, Psychic, Fight, Poison","Bug, Fairy"
687,Malamar,Dark,Psychic,482,86,92,88,68,75,73,6,NORMAL,"Ghost, Psychic, Fight, Poison","Bug, Fairy"
688,Binacle,Rock,Water,306,42,52,67,39,56,50,6,NORMAL,"Bug, Fire, Flying, Ice, Ground, Rock","Fight, Water, Electric, Grass"
689,Barbaracle,Rock,Water,500,72,105,115,54,86,68,6,NORMAL,"Bug, Fire, Flying, Ice, Ground, Rock","Fight, Water, Electric, Grass"
690,Skrelp,Poison,Water,320,50,60,60,60,60,30,6,NORMAL,"Fairy, Grass, Fire, Ground, Rock","Ground, Psychic, Electric"
691,Dragalge,Poison,Dragon,494,65,75,90,97,123,44,6,NORMAL,"Fairy, Grass, Dragon","Ground, Psychic, Dragon, Ice"
692,Clauncher,Water,,330,50,53,62,58,63,44,6,NORMAL,"Fire, Ground, Rock","Electric, Grass"
693,Clawitzer,Water,,500,71,73,88,120,89,59,6,NORMAL,"Fire, Ground, Rock","Electric, Grass"
694,Helioptile,Electric,Normal,289,44,38,33,61,43,70,6,NORMAL,"Flying, Water","Ground, Fight"
695,Heliolisk,Electric,Normal,481,62,55,52,109,94,109,6,NORMAL,"Flying, Water","Ground, Fight"
696,Tyrunt,Rock,Dragon,362,58,89,77,45,45,48,6,NORMAL,"Bug, Fire, Flying, Ice, Dragon","Fight, Ground, Steel, Water, Dragon, Fairy, Ice"
697,Tyrantrum,Rock,Dragon,521,82,121,119,69,59,71,6,NORMAL,"Bug, Fire, Flying, Ice, Dragon","Fight, Ground, Steel, Water, Dragon, Fairy, Ice"
698,Amaura,Rock,Ice,362,77,59,50,67,63,46,6,NORMAL,"Bug, Fire, Flying, Ice, Dragon, Grass, Ground","Fight, Grass, Ground, Steel, Water, Rock"
699,Aurorus,Rock,Ice,521,123,77,72,99,92,58,6,NORMAL,"Bug, Fire, Flying, Ice, Dragon, Grass, Ground","Fight, Grass, Ground, Steel, Water, Rock"
700,Sylveon,Fairy,,525,95,65,65,110,130,60,6,NORMAL,"Dark, Dragon, Fight","Poison, Steel"
701,Hawlucha,Fight,Flying,500,78,92,75,74,63,118,6,NORMAL,"Dark, Ice, Normal, Rock, Steel, Bug, Fighting, Grass","Fairy, Flying, Psychic, Electric, Ice"
702,Dedenne,Electric,Fairy,431,67,58,57,81,67,101,6,NORMAL,"Flying, Water, Dark, Dragon, Fight","Ground, Poison"
703,Carbink,Rock,Fairy,500,50,50,150,50,150,50,6,NORMAL,"Bug, Fire, Flying, Ice, Dark, Dragon, Fight","Grass, Ground, Steel, Water"
704,Goomy,Dragon,,300,45,50,35,55,75,40,6,NORMAL,Dragon,"Dragon, Fairy, Ice"
705,Sliggoo,Dragon,,452,68,75,53,83,113,60,6,NORMAL,Dragon,"Dragon, Fairy, Ice"
706,Goodra,Dragon,,600,90,100,70,110,150,80,6,NORMAL,Dragon,"Dragon, Fairy, Ice"
707,Klefki,Steel,Fairy,470,57,80,91,80,87,75,6,NORMAL,"Fairy, Ice, Rock, Dark, Dragon, Fight","Ground, Fire"
708,Phantump,Ghost,Grass,309,43,70,48,50,60,38,6,NORMAL,"Ghost, Psychic, Ground, Rock, Water","Dark, Ghost, Fire, Flying, Ice"
709,Trevenant,Ghost,Grass,474,85,110,76,65,82,56,6,NORMAL,"Ghost, Psychic, Ground, Rock, Water","Dark, Ghost, Fire, Flying, Ice"
710,Pumpkaboo,Ghost,Grass,335,49,66,70,44,55,51,6,NORMAL,"Ghost, Psychic, Ground, Rock, Water","Dark, Ghost, Fire, Flying, Ice"
711,Gourgeist,Ghost,Grass,494,65,90,122,58,75,84,6,NORMAL,"Ghost, Psychic, Ground, Rock, Water","Dark, Ghost, Fire, Flying, Ice"
712,Bergmite,Ice,,304,55,69,85,32,35,28,6,NORMAL,"Dragon, Flying, Grass, Ground","Fighting, Fire, Rock, Steel"
713,Avalugg,Ice,,514,95,117,184,44,46,28,6,NORMAL,"Dragon, Flying, Grass, Ground","Fighting, Fire, Rock, Steel"
714,Noibat,Flying,Dragon,245,40,30,35,45,40,55,6,NORMAL,"Bug, Fighting, Grass, Dragon","Ice, Rock, Dragon, Fairy"
715,Noivern,Flying,Dragon,535,85,70,80,97,80,123,6,NORMAL,"Bug, Fighting, Grass, Dragon","Ice, Rock, Dragon, Fairy"
716,Xerneas,Fairy,,680,126,131,95,131,98,99,6,LEGENDARY,"Dark, Dragon, Fight","Poison, Steel"
717,Yveltal,Dark,Flying,680,126,131,95,131,98,99,6,LEGENDARY,"Ghost, Psychic, Bug, Fight, Grass","Fairy, Electric, Ice, Rock"
718,Zygarde,Dragon,Ground,600,108,100,121,81,95,95,6,LEGENDARY,"Dragon, Electric, Fire, Poison, Rock, Steel","Dragon, Fairy, Ice"
719,Diancie,Rock,Fairy,600,50,100,150,100,150,50,6,LEGENDARY,"Bug, Fire, Flying, Ice, Dark, Dragon, Fight","Grass, Ground, Steel, Water"
720,Hoopa,Psychic,Ghost,600,80,110,60,150,130,70,6,LEGENDARY,"Fight, Poison, Ghost, Psychic","Dark, Ghost"
721,Volcanion,Fire,Water,600,80,110,120,130,90,70,6,LEGENDARY,"Bug, Grass, Ice, Steel, Fire, Ground, Rock","Ground, Rock, Electric"
722,Rowlet,Grass,Flying,320,68,55,55,50,50,42,7,STARTER,"Ground, Rock, Water, Bug, Fighting, Grass","Fire, Flying, Ice, Poison, Rock"
723,Dartrix,Grass,Flying,420,78,75,75,70,70,52,7,STARTER,"Ground, Rock, Water, Bug, Fighting, Grass","Fire, Flying, Ice, Poison, Rock"
724,Decidueye,Grass,Ghost,530,78,107,75,100,100,70,7,STARTER,"Ground, Rock, Water, Ghost, Psychic","Dark, Fire, Flying, Ghost, Ice,"
725,Litten,Fire,,320,45,65,40,60,40,70,7,STARTER,"Bug, Grass, Ice, Steel","Ground, Rock, Water"
726,Torracat,Fire,,420,65,85,50,80,50,90,7,STARTER,"Bug, Grass, Ice, Steel","Ground, Rock, Water"
727,Incineroar,Fire,Dark,530,95,115,90,80,90,60,7,STARTER,"Bug, Ghost, Grass, Ice, Psychic, Steel","Fighting, Ground, Rock, Water"
728,Popplio,Water,,320,50,54,54,66,56,40,7,STARTER,"Fire, Ground, Rock","Electric, Grass"
729,Brionne,Water,,420,60,69,69,91,81,50,7,STARTER,"Fire, Ground, Rock","Electric, Grass"
730,Primarina,Water,Fairy,530,80,74,74,126,116,60,7,STARTER,"Dark, Dragon, Fight, Fire, Ground, Rock","Electric, Grass, Poison"
731,Pikipek,Normal,Flying,265,35,75,30,30,30,65,7,NORMAL,"Bug, Fight, Grass","Electric, Ice, Rock"
732,Trumbeak,Normal,Flying,355,55,85,50,40,50,75,7,NORMAL,"Bug, Fighting, Grass","Electric, Ice, Rock"
733,Toucannon,Normal,Flying,485,80,120,75,75,75,60,7,NORMAL,,
734,Yungoos,Normal,,253,48,70,30,30,30,45,7,NORMAL,,
735,Gumshoos,Normal,,418,88,110,60,55,60,45,7,NORMAL,,
736,Grubbin,Bug,,300,47,62,45,55,45,46,7,NORMAL,,
737,Charjabug,Bug,Electric,400,57,82,95,55,75,36,7,NORMAL,,
738,Vikavolt,Bug,Electric,500,77,70,90,145,75,43,7,NORMAL,,
739,Crabrawler,Fight,,338,47,82,57,42,47,63,7,NORMAL,,
740,Crabominable,Fight,Ice,478,97,132,77,62,67,43,7,NORMAL,,
741,Oricoro,Fire,Flying,476,75,70,70,98,70,93,7,NORMAL,,
742,Cutiefly,Bug,Fairy,304,40,45,40,55,40,84,7,NORMAL,,
743,Ribombee,Bug,Fairy,464,60,55,60,95,70,124,7,NORMAL,,
744,Rockruff,Rock,,280,45,65,40,30,40,60,7,NORMAL,,
745,Lycanroc,Rock,,487,75,115,65,55,65,112,7,NORMAL,,
746,Wishiwashi,Water,,175,45,20,20,25,25,40,7,NORMAL,,
747,Mareanie,Poison,Water,305,50,53,62,43,52,45,7,NORMAL,,
748,Toxapex,Poison,Water,495,50,63,152,53,142,35,7,NORMAL,,
749,Mudbray,Ground,,385,70,100,70,45,55,45,7,NORMAL,,
750,Mudsdale,Ground,,500,100,125,100,55,85,35,7,NORMAL,,
751,Dewpider,Water,Bug,269,38,40,52,40,72,27,7,NORMAL,,
752,Araquanid,Water,Bug,454,68,70,92,50,132,42,7,NORMAL,,
753,Fomantis,Grass,,250,40,55,35,50,35,35,7,NORMAL,,
754,Lurantis,Grass,,480,70,105,90,80,90,45,7,NORMAL,,
755,Morelull,Grass,Fairy,285,40,35,55,65,75,15,7,NORMAL,,
756,Shiinotic,Grass,Fairy,405,60,45,80,90,100,30,7,NORMAL,,
757,Salandit,Poison,Fire,320,48,44,40,71,40,77,7,NORMAL,,
758,Salazzle,Poison,Fire,480,68,64,60,111,60,117,7,NORMAL,,
759,Stufful,Normal,Fight,340,70,75,50,45,50,50,7,NORMAL,,
760,Bewear,Normal,Fight,500,120,125,80,55,60,60,7,NORMAL,,
761,Bounsweet,Grass,,210,42,30,38,30,38,32,7,NORMAL,,
762,Steenee,Grass,,290,52,40,48,40,48,62,7,NORMAL,,
763,Tsareena,Grass,,510,72,120,98,50,98,72,7,NORMAL,,
764,Comfey,Fairy,,485,51,52,90,82,110,100,7,NORMAL,,
765,Oranguru,Normal,Psychic,490,90,60,80,90,110,60,7,NORMAL,,
766,Passimian,Fight,,490,100,120,90,40,60,80,7,NORMAL,,
767,Wimpod,Bug,Water,230,25,35,40,20,30,80,7,NORMAL,,
768,Golisopod,Bug,Water,530,75,125,140,60,90,40,7,NORMAL,,
769,Sandygast,Ghost,Ground,320,55,55,80,70,45,15,7,NORMAL,,
770,Palossand,Ghost,Ground,480,85,75,110,100,75,35,7,NORMAL,,
771,Pyukumuku,Water,,410,55,60,130,30,130,5,7,NORMAL,,
772,Type: Null,Normal,,534,95,95,95,95,95,59,7,NORMAL,,
773,Silvally,Normal,,570,95,95,95,95,95,95,7,NORMAL,,
774,Minior,Rock,Fairy,500,60,100,60,100,60,120,7,NORMAL,,
775,Komala,Normal,,480,65,115,65,75,95,65,7,NORMAL,,
776,Turtonator,Fire,Dragon,485,60,78,135,91,85,36,7,NORMAL,,
777,Togedemaru,Electric,Steel,435,65,98,63,40,73,96,7,NORMAL,,
778,Mimikyu,Ghost,Fairy,476,55,90,80,50,105,96,7,NORMAL,,
779,Bruxish,Water,Psychic,475,68,105,70,70,70,92,7,NORMAL,,
780,Drampa,Normal,Dragon,485,78,60,85,135,91,36,7,NORMAL,,
781,Dhelmise,Ghost,Grass,517,70,131,100,86,90,40,7,NORMAL,,
782,Jangmo-o,Dragon,,300,45,55,65,45,45,45,7,NORMAL,,
783,Hakamo-o,Dragon,Fight,420,55,75,90,65,70,65,7,NORMAL,,
784,Kommo-o,Dragon,Fight,600,75,110,125,100,105,85,7,NORMAL,,
785,Tapu Koko,Electric,Fairy,570,70,115,85,95,75,130,7,LEGENDARY,,
786,Tapu Lele,Psychic,Fairy,570,70,85,75,130,115,95,7,LEGENDARY,,
787,Tapu Bulu,Grass,Fairy,570,70,130,115,85,95,75,7,LEGENDARY,,
788,Tapu Fini,Water,Fairy,570,70,75,115,95,130,85,7,LEGENDARY,,
789,Cosmog,Psychic,,200,43,29,31,29,31,37,7,LEGENDARY,,
790,Cosmoem,Psychic,,400,43,29,131,29,131,37,7,LEGENDARY,,
791,Solgaleo,Psychic,Steel,680,137,137,107,113,89,97,7,LEGENDARY,,
792,Lunala,Psychic,Ghost,680,137,113,89,137,107,97,7,LEGENDARY,,
793,Nihilego,Rock,Poison,570,109,53,47,127,131,103,7,ULTRA BEAST,,
794,Buzzwole,Bug,Fight,570,107,139,139,53,53,79,7,ULTRA BEAST,,
795,Pheromosa,Bug,Fight,570,71,137,37,137,37,151,7,ULTRA BEAST,,
796,Xurkitree,Electric,,570,83,89,71,173,71,83,7,ULTRA BEAST,,
797,Celesteela,Steel,Flying,570,97,101,103,107,101,61,7,ULTRA BEAST,,
798,Kartana,Grass,Steel,570,59,181,131,59,31,109,7,ULTRA BEAST,,
799,Guzzlord,Dark,Dragon,570,223,101,53,97,53,43,7,ULTRA BEAST,,
800,Necrozma,Psychic,,600,97,107,101,127,89,79,7,LEGENDARY,,
801,Magearna,Steel,Fairy,600,80,95,115,130,115,65,7,LEGENDARY,,
802,Marshadow,Fight,Ghost,600,90,125,80,90,90,125,7,ULTRA BEAST,,
803,Poipole,Poison,,420,67,73,67,73,67,73,7,ULTRA BEAST,,
804,Naganadel,Poison,Dragon,540,73,73,73,127,73,121,7,ULTRA BEAST,,
805,Stakataka,Rock,Steel,570,61,131,211,53,101,13,7,ULTRA BEAST,,
806,Blacephalon,Fire,Ghost,570,53,127,53,151,79,107,7,ULTRA BEAST,,
807,Zeraora,Electric,,600,88,112,75,102,80,143,7,LEGENDARY,,
808,Meltan,Steel,,300,46,65,65,55,35,34,7,NORMAL,,
809,Melmetal,Steel,,600,135,143,143,80,65,34,7,NORMAL,,